body,head,head_bone,eye_nodes,eye_x,eye_y,eye_z,eyel_x,eyer_x,camerahook_x,camerahook_y,camerahook_z,headhook_x,headhook_y,headhook_z,ipd,note
P_BastilaBB,P_BastilaH,headhook,eyeLA/eyeRA,-0.00000,0.05843,1.59522,-0.03115,0.03114,0.00061,-0.02354,1.59312,-0.00000,-0.00000,1.45000,0.06228,
P_BastilaBA,P_BastilaH,headhook,,,,,,,,,,,,,,body model not found
PFBCM,P_BastilaH,headhook,eyeLA/eyeRA,-0.00000,0.05843,1.59522,-0.03115,0.03114,0.00061,-0.02354,1.59312,-0.00000,-0.00000,1.45000,0.06228,
PFBDM,P_BastilaH,headhook,eyeLA/eyeRA,-0.00000,0.05843,1.59522,-0.03115,0.03114,0.00061,-0.02354,1.59312,-0.00000,-0.00000,1.45000,0.06228,
PFBEM,P_BastilaH,headhook,eyeLA/eyeRA,-0.00000,0.05843,1.59522,-0.03115,0.03114,0.00061,-0.02354,1.59312,-0.00000,-0.00000,1.45000,0.06228,
PFBFM,P_BastilaH,headhook,eyeLA/eyeRA,-0.00000,0.05843,1.59522,-0.03115,0.03114,0.00061,-0.02354,1.59312,-0.00000,-0.00000,1.45000,0.06228,
PFBGM,P_BastilaH,headhook,eyeLA/eyeRA,-0.00000,0.05843,1.59522,-0.03115,0.03114,0.00061,-0.02354,1.59312,-0.00000,-0.00000,1.45000,0.06228,
PFBHM,P_BastilaH,headhook,eyeLA/eyeRA,-0.00000,0.05843,1.59522,-0.03115,0.03114,0.00061,-0.02354,1.59312,-0.00000,-0.00000,1.45000,0.06228,
K1_PFBIM,P_BastilaH,headhook,eyeLA/eyeRA,-0.00000,0.05843,1.59522,-0.03115,0.03114,0.00061,-0.02354,1.59312,-0.00000,-0.00000,1.45000,0.06228,
PFBJM,P_BastilaH,headhook,eyeLA/eyeRA,-0.00000,0.05843,1.59522,-0.03115,0.03114,0.00061,-0.02354,1.59312,-0.00000,-0.00000,1.45000,0.06228,
PFBKM,P_BastilaH,headhook,eyeLA/eyeRA,0.00155,0.05889,1.59522,-0.02959,0.03270,0.00217,0.13053,1.59312,0.00156,0.00046,1.45000,0.06228,
PFBMM,P_BastilaH,headhook,eyeLA/eyeRA,-0.00278,0.06034,1.59449,-0.03392,0.02836,-0.00227,0.14453,1.58149,-0.00278,0.00191,1.44928,0.06228,
PFBIM,P_BastilaH,headhook,eyeLA/eyeRA,-0.00060,0.07836,1.59449,-0.03174,0.03054,-0.00227,0.14453,1.58149,-0.00060,0.01993,1.44928,0.06228,
P_CandBB,p_CandH,headhook,,,,,,,,,,,,,,body model not found
P_CandBA,p_CandH,headhook,,,,,,,,,,,,,,body model not found
PMBCL,p_CandH,headhook,,,,,,,0.00029,0.02126,1.67967,0.00000,-0.01855,1.56766,,head model not found
PMBDL,p_CandH,headhook,,,,,,,0.00000,0.02126,1.67967,0.00000,-0.01855,1.56766,,head model not found
PMBEL,p_CandH,headhook,,,,,,,0.00029,0.02126,1.67967,0.00000,-0.01855,1.56766,,head model not found
PMBFL,p_CandH,headhook,,,,,,,0.00029,0.02126,1.67967,0.00000,-0.01855,1.56779,,head model not found
PMBGL,p_CandH,headhook,,,,,,,0.00029,0.02126,1.67967,0.00000,-0.01855,1.56766,,head model not found
PMBHL,p_CandH,headhook,,,,,,,0.00029,0.02126,1.67967,0.00008,-0.01855,1.56766,,head model not found
PMBIL,p_CandH,headhook,,,,,,,0.00029,0.02126,1.67967,0.00000,-0.01855,1.56766,,head model not found
PMBJL,p_CandH,headhook,,,,,,,0.00029,0.02159,1.67975,0.00000,-0.01855,1.56766,,head model not found
PMBKM,p_CandH,headhook,,,,,,,0.00029,0.15735,1.71264,0.00000,-0.00000,1.55000,,head model not found
PMBML,p_CandH,headhook,,,,,,,,,,,,,,body model not found
PMBNM,p_CandH,headhook,,,,,,,0.00029,0.09728,1.64929,0.00000,-0.00965,1.54500,,head model not found
P_CarthBB,p_CarthH,headhook,eyeLA/eyeRA,0.00000,0.06630,1.67015,-0.02693,0.02693,0.00029,0.02068,1.63392,0.00008,-0.01800,1.52500,0.05386,
P_CarthBA,p_CarthH,headhook,,,,,,,,,,,,,,body model not found
PMBCM,p_CarthH,headhook,eyeLA/eyeRA,-0.00007,0.06626,1.67011,-0.02700,0.02686,0.00029,0.02068,1.63392,0.00000,-0.01804,1.52496,0.05386,
PMBDM,p_CarthH,headhook,eyeLA/eyeRA,-0.00007,0.06626,1.67011,-0.02700,0.02686,0.00029,0.02068,1.63392,0.00000,-0.01804,1.52496,0.05386,
PMBEM,p_CarthH,headhook,eyeLA/eyeRA,-0.00007,0.06626,1.67011,-0.02700,0.02686,0.00029,0.02068,1.63392,0.00000,-0.01804,1.52496,0.05386,
PMBFM,p_CarthH,headhook,eyeLA/eyeRA,-0.00007,0.06626,1.67024,-0.02700,0.02686,0.00029,0.02068,1.63392,0.00000,-0.01804,1.52509,0.05386,
PMBGM,p_CarthH,headhook,eyeLA/eyeRA,-0.00007,0.06626,1.67011,-0.02700,0.02686,0.00029,0.02068,1.63392,0.00000,-0.01804,1.52496,0.05386,
PMBHM,p_CarthH,headhook,eyeLA/eyeRA,0.00000,0.06626,1.67011,-0.02693,0.02693,0.00029,0.02068,1.63392,0.00008,-0.01804,1.52496,0.05386,
PMBIM,p_CarthH,headhook,eyeLA/eyeRA,-0.00007,0.06453,1.69455,-0.02700,0.02686,0.00029,0.09728,1.64929,0.00000,-0.01977,1.54940,0.05386,
PMBJM,p_CarthH,headhook,eyeLA/eyeRA,-0.00007,0.06626,1.67011,-0.02700,0.02686,0.00028,0.02100,1.63400,0.00000,-0.01804,1.52496,0.05386,
PMBKM,p_CarthH,headhook,eyeLA/eyeRA,-0.00007,0.08430,1.69515,-0.02700,0.02686,0.00029,0.15735,1.71264,0.00000,-0.00000,1.55000,0.05386,
PMBMM,p_CarthH,headhook,eyeLA/eyeRA,-0.00007,0.06553,1.66874,-0.02700,0.02686,0.00029,0.09728,1.64929,0.00000,-0.01877,1.52359,0.05386,
PMBNM,p_CarthH,headhook,eyeLA/eyeRA,-0.00007,0.07465,1.69015,-0.02700,0.02686,0.00029,0.09728,1.64929,0.00000,-0.00965,1.54500,0.05386,
P_JoleeBB,p_JoleeH,headhook,,,,,,,,,,,,,,body model not found
P_JoleeBA,p_JoleeH,headhook,,,,,,,,,,,,,,body model not found
PMBCM,p_JoleeH,headhook,,,,,,,0.00029,0.02068,1.63392,0.00000,-0.01804,1.52496,,head model not found
PMBDM,p_JoleeH,headhook,,,,,,,0.00029,0.02068,1.63392,0.00000,-0.01804,1.52496,,head model not found
PMBEM,p_JoleeH,headhook,,,,,,,0.00029,0.02068,1.63392,0.00000,-0.01804,1.52496,,head model not found
PMBFM,p_JoleeH,headhook,,,,,,,0.00029,0.02068,1.63392,0.00000,-0.01804,1.52509,,head model not found
PMBGM,p_JoleeH,headhook,,,,,,,0.00029,0.02068,1.63392,0.00000,-0.01804,1.52496,,head model not found
PMBHM,p_JoleeH,headhook,,,,,,,0.00029,0.02068,1.63392,0.00008,-0.01804,1.52496,,head model not found
PMBIM,p_JoleeH,headhook,,,,,,,0.00029,0.09728,1.64929,0.00000,-0.01977,1.54940,,head model not found
PMBJM,p_JoleeH,headhook,,,,,,,0.00028,0.02100,1.63400,0.00000,-0.01804,1.52496,,head model not found
PMBKM,p_JoleeH,headhook,,,,,,,0.00029,0.15735,1.71264,0.00000,-0.00000,1.55000,,head model not found
PMBMM,p_JoleeH,headhook,,,,,,,0.00029,0.09728,1.64929,0.00000,-0.01877,1.52359,,head model not found
PMBNM,p_JoleeH,headhook,,,,,,,0.00029,0.09728,1.64929,0.00000,-0.00965,1.54500,,head model not found
P_JuhaniBB,P_JuhaniH,headhook,,,,,,,,,,,,,,body model not found
P_JuhaniBA,P_JuhaniH,headhook,,,,,,,,,,,,,,body model not found
PFBCM,P_JuhaniH,headhook,,,,,,,0.00061,-0.02354,1.59312,-0.00000,-0.00000,1.45000,,head model not found
PFBDM,P_JuhaniH,headhook,,,,,,,0.00061,-0.02354,1.59312,-0.00000,-0.00000,1.45000,,head model not found
PFBEM,P_JuhaniH,headhook,,,,,,,0.00061,-0.02354,1.59312,-0.00000,-0.00000,1.45000,,head model not found
PFBFM,P_JuhaniH,headhook,,,,,,,0.00061,-0.02354,1.59312,-0.00000,-0.00000,1.45000,,head model not found
PFBGM,P_JuhaniH,headhook,,,,,,,0.00061,-0.02354,1.59312,-0.00000,-0.00000,1.45000,,head model not found
PFBHM,P_JuhaniH,headhook,,,,,,,0.00061,-0.02354,1.59312,-0.00000,-0.00000,1.45000,,head model not found
PFBIM,P_JuhaniH,headhook,,,,,,,-0.00227,0.14453,1.58149,-0.00060,0.01993,1.44928,,head model not found
PFBJM,P_JuhaniH,headhook,,,,,,,0.00061,-0.02354,1.59312,-0.00000,-0.00000,1.45000,,head model not found
PFBKM,P_JuhaniH,headhook,,,,,,,0.00217,0.13053,1.59312,0.00156,0.00046,1.45000,,head model not found
PFBMM,P_JuhaniH,headhook,,,,,,,-0.00227,0.14453,1.58149,-0.00278,0.00191,1.44928,,head model not found
PFBNM,P_JuhaniH,headhook,,,,,,,-0.00227,0.14453,1.58149,-0.00060,0.01993,1.44928,,head model not found
P_MissionBB,p_MissionH,headhook,,,,,,,,,,,,,,body model not found
P_MissionBA,p_MissionH,headhook,,,,,,,,,,,,,,body model not found
PFBCS,p_MissionH,headhook,,,,,,,0.00059,-0.02273,1.53816,-0.00000,-0.00000,1.39997,,head model not found
PFBDS,p_MissionH,headhook,,,,,,,0.00059,-0.02273,1.53816,-0.00000,-0.00000,1.39997,,head model not found
PFBES,p_MissionH,headhook,,,,,,,0.00059,-0.02273,1.53816,-0.00000,-0.00000,1.39997,,head model not found
PFBFS,p_MissionH,headhook,,,,,,,0.00059,-0.02273,1.53816,-0.00000,-0.00000,1.39997,,head model not found
PFBGS,p_MissionH,headhook,,,,,,,0.00059,-0.02273,1.53816,-0.00000,-0.00000,1.39997,,head model not found
PFBHS,p_MissionH,headhook,,,,,,,0.00059,-0.02273,1.53816,-0.00000,-0.00000,1.39997,,head model not found
PFBIS,p_MissionH,headhook,,,,,,,0.00059,-0.02273,1.53816,-0.00000,-0.00000,1.39997,,head model not found
PFBJS,p_MissionH,headhook,,,,,,,0.00059,-0.02273,1.53816,-0.00000,-0.00000,1.39997,,head model not found
PFBKM,p_MissionH,headhook,,,,,,,0.00217,0.13053,1.59312,0.00156,0.00046,1.45000,,head model not found
PFBMS,p_MissionH,headhook,,,,,,,,,,,,,,body model not found
PFBNM,p_MissionH,headhook,,,,,,,-0.00227,0.14453,1.58149,-0.00060,0.01993,1.44928,,head model not found
N_AdmrlSaulKar,ad_saul,headhook,eyeLA/eyeRA,-0.00045,0.08976,1.69366,-0.03009,0.02920,0.00029,0.02068,1.63392,0.00003,-0.00000,1.55000,0.05929,
N_CommF,comm_a_f,headhook,eyeLA/eyeRA,0.00049,0.06437,1.58328,-0.02967,0.03065,0.00061,0.00184,1.55492,-0.00000,-0.00000,1.45000,0.06032,
PFBCM,comm_a_f,headhook,eyeLA/eyeRA,0.00049,0.06437,1.58328,-0.02967,0.03065,0.00061,-0.02354,1.59312,-0.00000,-0.00000,1.45000,0.06032,
PFBDM,comm_a_f,headhook,eyeLA/eyeRA,0.00049,0.06437,1.58328,-0.02967,0.03065,0.00061,-0.02354,1.59312,-0.00000,-0.00000,1.45000,0.06032,
PFBEM,comm_a_f,headhook,eyeLA/eyeRA,0.00049,0.06437,1.58328,-0.02967,0.03065,0.00061,-0.02354,1.59312,-0.00000,-0.00000,1.45000,0.06032,
PFBFM,comm_a_f,headhook,eyeLA/eyeRA,0.00049,0.06437,1.58328,-0.02967,0.03065,0.00061,-0.02354,1.59312,-0.00000,-0.00000,1.45000,0.06032,
PFBGM,comm_a_f,headhook,eyeLA/eyeRA,0.00049,0.06437,1.58328,-0.02967,0.03065,0.00061,-0.02354,1.59312,-0.00000,-0.00000,1.45000,0.06032,
PFBHM,comm_a_f,headhook,eyeLA/eyeRA,0.00049,0.06437,1.58328,-0.02967,0.03065,0.00061,-0.02354,1.59312,-0.00000,-0.00000,1.45000,0.06032,
PFBIM,comm_a_f,headhook,eyeLA/eyeRA,-0.00011,0.08430,1.58256,-0.03027,0.03005,-0.00227,0.14453,1.58149,-0.00060,0.01993,1.44928,0.06032,
PFBKM,comm_a_f,headhook,eyeLA/eyeRA,0.00205,0.06483,1.58328,-0.02811,0.03221,0.00217,0.13053,1.59312,0.00156,0.00046,1.45000,0.06032,
PFBMM,comm_a_f,headhook,eyeLA/eyeRA,-0.00229,0.06628,1.58256,-0.03244,0.02787,-0.00227,0.14453,1.58149,-0.00278,0.00191,1.44928,0.06032,
PFBNM,comm_a_f,headhook,eyeLA/eyeRA,-0.00011,0.08430,1.58256,-0.03027,0.03005,-0.00227,0.14453,1.58149,-0.00060,0.01993,1.44928,0.06032,
N_CommKidF,N_childFH,headhook,eyeLA/eyeRA,0.00000,0.05216,1.37495,-0.02570,0.02570,0.00052,0.01017,1.35639,0.00000,-0.00000,1.23360,0.05140,
N_CommKidM,N_child_M,headhook,eyeLA/eyeRA,-0.00220,0.06811,1.32474,-0.03069,0.02629,-0.00097,0.00424,1.30246,-0.00097,0.00424,1.18702,0.05698,
N_CommM,comm_a_m,headhook,eyeL/eyeR,-0.00072,0.08943,1.69166,-0.02915,0.02771,0.00029,0.02068,1.63392,0.00000,-0.00000,1.55000,0.05686,
PMBCM,comm_a_m,headhook,eyeL/eyeR,-0.00072,0.07139,1.66662,-0.02915,0.02771,0.00029,0.02068,1.63392,0.00000,-0.01804,1.52496,0.05686,
PMBDM,comm_a_m,headhook,eyeL/eyeR,-0.00072,0.07139,1.66662,-0.02915,0.02771,0.00029,0.02068,1.63392,0.00000,-0.01804,1.52496,0.05686,
PMBEM,comm_a_m,headhook,eyeL/eyeR,-0.00072,0.07139,1.66662,-0.02915,0.02771,0.00029,0.02068,1.63392,0.00000,-0.01804,1.52496,0.05686,
PMBFM,comm_a_m,headhook,eyeL/eyeR,-0.00072,0.07139,1.66675,-0.02915,0.02771,0.00029,0.02068,1.63392,0.00000,-0.01804,1.52509,0.05686,
PMBGM,comm_a_m,headhook,eyeL/eyeR,-0.00072,0.07139,1.66662,-0.02915,0.02771,0.00029,0.02068,1.63392,0.00000,-0.01804,1.52496,0.05686,
PMBHM,comm_a_m,headhook,eyeL/eyeR,-0.00064,0.07139,1.66662,-0.02907,0.02779,0.00029,0.02068,1.63392,0.00008,-0.01804,1.52496,0.05686,
PMBIM,comm_a_m,headhook,eyeL/eyeR,-0.00072,0.06966,1.69106,-0.02915,0.02771,0.00029,0.09728,1.64929,0.00000,-0.01977,1.54940,0.05686,
PMBKM,comm_a_m,headhook,eyeL/eyeR,-0.00072,0.08943,1.69166,-0.02915,0.02771,0.00029,0.15735,1.71264,0.00000,-0.00000,1.55000,0.05686,
PMBMM,comm_a_m,headhook,eyeL/eyeR,-0.00072,0.07066,1.66525,-0.02915,0.02771,0.00029,0.09728,1.64929,0.00000,-0.01877,1.52359,0.05686,
PMBNM,comm_a_m,headhook,eyeL/eyeR,-0.00072,0.07978,1.68666,-0.02915,0.02771,0.00029,0.09728,1.64929,0.00000,-0.00965,1.54500,0.05686,
N_CzerkaOff,comm_a_m,headhook,eyeL/eyeR,-0.00072,0.08943,1.69166,-0.02915,0.02771,0.00029,0.02068,1.63392,0.00000,-0.00000,1.55000,0.05686,
N_Dodonna,N_DodonnaH,headhook,eyeLA/eyeRA,0.00051,0.06334,1.58933,-0.02663,0.02765,0.00061,-0.02354,1.59312,-0.00000,-0.00000,1.45000,0.05428,
N_FatComF,PFHA05,headhook,eyeLA/eyeRA,0.00199,0.05792,1.58580,-0.02664,0.03063,0.00061,-0.02354,1.59312,0.00010,-0.00000,1.45000,0.05727,
N_FatComM,PMHC01,headhook,eyeLA/eyeRA,0.00009,0.07634,1.69763,-0.02882,0.02900,0.00029,0.02068,1.63392,0.00000,-0.00000,1.55000,0.05782,
N_Smuggler,comm_w_m,headhook,eyeLA/eyeRA,-0.00047,0.09052,1.69527,-0.03012,0.02917,0.00029,0.02068,1.63392,0.00000,-0.00000,1.55000,0.05929,
N_JediCounF,PFHC01,headhook,eyeLA/eyeRA,-0.00000,0.06257,1.58933,-0.02644,0.02644,0.00061,-0.02354,1.59312,-0.00000,-0.00000,1.45000,0.05288,
N_JediCounM,PMHC01,headhook,eyeLA/eyeRA,0.00009,0.07634,1.69763,-0.02882,0.02900,0.00029,0.02068,1.63392,0.00000,-0.00000,1.55000,0.05782,
N_JediMemF,PFHC02,headhook,eyeLA/eyeRA,0.00071,0.05743,1.59478,-0.02477,0.02620,0.00061,-0.02354,1.59312,-0.00000,-0.00000,1.45000,0.05097,
N_JediMemM,PMHC06,headhook,eyeL/eyeR,-0.00000,0.07389,1.69523,-0.02633,0.02633,0.00029,0.02068,1.63392,0.00000,-0.00000,1.55000,0.05266,
N_RepOff,rep_off,headhook,eyeLA/eyeRA,0.00014,0.07435,1.69832,-0.02794,0.02823,0.00029,0.02068,1.63392,0.00000,-0.00000,1.55000,0.05618,
N_RepSold,comm_w_m,headhook,eyeLA/eyeRA,-0.00047,0.09052,1.69527,-0.03012,0.02917,0.00029,0.02068,1.63392,0.00000,-0.00000,1.55000,0.05929,
N_SithAppren,sith_app,headhook,eyeLA/eyeRA,0.00939,0.19409,1.59553,-0.01857,0.03735,0.00029,0.02068,1.63392,0.01185,0.07603,1.47727,0.05593,
N_SithComF,N_SithoffFH,headhook,eyeLA/eyeRA,0.00051,0.06334,1.58933,-0.02663,0.02765,0.00061,0.03902,1.54373,-0.00000,-0.00000,1.45000,0.05428,
N_SithComM,N_SithoffMH,headhook,eyeLA/eyeRA,-0.00047,0.09059,1.69522,-0.03012,0.02917,0.00029,0.02068,1.63392,0.00000,-0.00000,1.55000,0.05929,
N_TwilekF,twilek_f,headhook,eyeLA/eyeRA,-0.00000,0.05841,1.58912,-0.03010,0.03010,0.00061,-0.02354,1.59312,0.00000,-0.00000,1.45000,0.06020,
PFBCM,twilek_f,headhook,eyeLA/eyeRA,-0.00000,0.05841,1.58912,-0.03010,0.03010,0.00061,-0.02354,1.59312,-0.00000,-0.00000,1.45000,0.06020,
PFBDM,twilek_f,headhook,eyeLA/eyeRA,-0.00000,0.05841,1.58912,-0.03010,0.03010,0.00061,-0.02354,1.59312,-0.00000,-0.00000,1.45000,0.06020,
PFBEM,twilek_f,headhook,eyeLA/eyeRA,-0.00000,0.05841,1.58912,-0.03010,0.03010,0.00061,-0.02354,1.59312,-0.00000,-0.00000,1.45000,0.06020,
PFBFM,twilek_f,headhook,eyeLA/eyeRA,-0.00000,0.05841,1.58912,-0.03010,0.03010,0.00061,-0.02354,1.59312,-0.00000,-0.00000,1.45000,0.06020,
PFBGM,twilek_f,headhook,eyeLA/eyeRA,-0.00000,0.05841,1.58912,-0.03010,0.03010,0.00061,-0.02354,1.59312,-0.00000,-0.00000,1.45000,0.06020,
PFBHM,twilek_f,headhook,eyeLA/eyeRA,-0.00000,0.05841,1.58912,-0.03010,0.03010,0.00061,-0.02354,1.59312,-0.00000,-0.00000,1.45000,0.06020,
PFBIM,twilek_f,headhook,eyeLA/eyeRA,-0.00060,0.07834,1.58839,-0.03070,0.02950,-0.00227,0.14453,1.58149,-0.00060,0.01993,1.44928,0.06020,
PFBKM,twilek_f,headhook,eyeLA/eyeRA,0.00155,0.05886,1.58912,-0.02855,0.03166,0.00217,0.13053,1.59312,0.00156,0.00046,1.45000,0.06020,
PFBMM,twilek_f,headhook,eyeLA/eyeRA,-0.00278,0.06032,1.58839,-0.03288,0.02732,-0.00227,0.14453,1.58149,-0.00278,0.00191,1.44928,0.06020,
PFBNM,twilek_f,headhook,eyeLA/eyeRA,-0.00060,0.07834,1.58839,-0.03070,0.02950,-0.00227,0.14453,1.58149,-0.00060,0.01993,1.44928,0.06020,
N_TwilekM,twilek_m,headhook,eyeLA/eyeRA,0.00006,0.06926,1.69000,-0.02994,0.03006,0.00029,0.02068,1.63392,0.00003,-0.00000,1.55000,0.06000,
PMBCM,twilek_m,headhook,eyeLA/eyeRA,0.00003,0.05122,1.66496,-0.02997,0.03003,0.00029,0.02068,1.63392,0.00000,-0.01804,1.52496,0.06000,
PMBDM,twilek_m,headhook,eyeLA/eyeRA,0.00003,0.05122,1.66496,-0.02997,0.03003,0.00029,0.02068,1.63392,0.00000,-0.01804,1.52496,0.06000,
PMBEM,twilek_m,headhook,eyeLA/eyeRA,0.00003,0.05122,1.66496,-0.02997,0.03003,0.00029,0.02068,1.63392,0.00000,-0.01804,1.52496,0.06000,
PMBFM,twilek_m,headhook,eyeLA/eyeRA,0.00003,0.05122,1.66509,-0.02997,0.03003,0.00029,0.02068,1.63392,0.00000,-0.01804,1.52509,0.06000,
PMBGM,twilek_m,headhook,eyeLA/eyeRA,0.00003,0.05122,1.66496,-0.02997,0.03003,0.00029,0.02068,1.63392,0.00000,-0.01804,1.52496,0.06000,
PMBHM,twilek_m,headhook,eyeLA/eyeRA,0.00011,0.05122,1.66496,-0.02989,0.03011,0.00029,0.02068,1.63392,0.00008,-0.01804,1.52496,0.06000,
PMBIM,twilek_m,headhook,eyeLA/eyeRA,0.00003,0.04949,1.68940,-0.02997,0.03003,0.00029,0.09728,1.64929,0.00000,-0.01977,1.54940,0.06000,
PMBKM,twilek_m,headhook,eyeLA/eyeRA,0.00003,0.06926,1.69000,-0.02997,0.03003,0.00029,0.15735,1.71264,0.00000,-0.00000,1.55000,0.06000,
PMBMM,twilek_m,headhook,eyeLA/eyeRA,0.00003,0.05049,1.66359,-0.02997,0.03003,0.00029,0.09728,1.64929,0.00000,-0.01877,1.52359,0.06000,
PMBNM,twilek_m,headhook,eyeLA/eyeRA,0.00003,0.05961,1.68500,-0.02997,0.03003,0.00029,0.09728,1.64929,0.00000,-0.00965,1.54500,0.06000,
PFBAM,PFHA01,headhook,eyeLA/eyeRA,0.00021,0.05950,1.59381,-0.02556,0.02599,0.00059,-0.02273,1.53816,-0.00008,-0.00000,1.44925,0.05155,
N_CommF,PFHA01,headhook,eyeLA/eyeRA,0.00029,0.05950,1.59456,-0.02548,0.02606,0.00061,0.00184,1.55492,-0.00000,-0.00000,1.45000,0.05155,
PFBCM,PFHA01,headhook,eyeLA/eyeRA,0.00029,0.05950,1.59456,-0.02548,0.02606,0.00061,-0.02354,1.59312,-0.00000,-0.00000,1.45000,0.05155,
PFBDM,PFHA01,headhook,eyeLA/eyeRA,0.00029,0.05950,1.59456,-0.02548,0.02606,0.00061,-0.02354,1.59312,-0.00000,-0.00000,1.45000,0.05155,
PFBEM,PFHA01,headhook,eyeLA/eyeRA,0.00029,0.05950,1.59456,-0.02548,0.02606,0.00061,-0.02354,1.59312,-0.00000,-0.00000,1.45000,0.05155,
PFBFM,PFHA01,headhook,eyeLA/eyeRA,0.00029,0.05950,1.59456,-0.02548,0.02606,0.00061,-0.02354,1.59312,-0.00000,-0.00000,1.45000,0.05155,
PFBGM,PFHA01,headhook,eyeLA/eyeRA,0.00029,0.05950,1.59456,-0.02548,0.02606,0.00061,-0.02354,1.59312,-0.00000,-0.00000,1.45000,0.05155,
PFBHM,PFHA01,headhook,eyeLA/eyeRA,0.00029,0.05950,1.59456,-0.02548,0.02606,0.00061,-0.02354,1.59312,-0.00000,-0.00000,1.45000,0.05155,
PFBIM,PFHA01,headhook,eyeLA/eyeRA,-0.00031,0.07943,1.59384,-0.02608,0.02547,-0.00227,0.14453,1.58149,-0.00060,0.01993,1.44928,0.05155,
PFBJM,PFHA01,headhook,eyeLA/eyeRA,0.00029,0.05950,1.59456,-0.02548,0.02606,0.00061,-0.02354,1.59312,-0.00000,-0.00000,1.45000,0.05155,
PFBKM,PFHA01,headhook,eyeLA/eyeRA,0.00185,0.05996,1.59456,-0.02393,0.02762,0.00217,0.13053,1.59312,0.00156,0.00046,1.45000,0.05155,
PFBL,PFHA01,headhook,eyeLA/eyeRA,-0.00094,0.05989,1.59911,-0.02671,0.02483,0.00024,0.07801,1.60037,-0.00123,0.00038,1.45455,0.05155,
PFBMM,PFHA01,headhook,eyeLA/eyeRA,-0.00249,0.06141,1.59384,-0.02826,0.02329,-0.00227,0.14453,1.58149,-0.00278,0.00191,1.44928,0.05155,
PFBNM,PFHA01,headhook,eyeLA/eyeRA,-0.00031,0.07943,1.59384,-0.02608,0.02547,-0.00227,0.14453,1.58149,-0.00060,0.01993,1.44928,0.05155,
PFBAM,PFHA06,headhook,eyeLA/eyeRA,0.00066,0.06146,1.58917,-0.02972,0.03103,0.00059,-0.02273,1.53816,-0.00008,-0.00000,1.44925,0.06074,
N_CommF,PFHA06,headhook,eyeLA/eyeRA,0.00073,0.06146,1.58992,-0.02964,0.03110,0.00061,0.00184,1.55492,-0.00000,-0.00000,1.45000,0.06074,
PFBCM,PFHA06,headhook,eyeLA/eyeRA,0.00073,0.06146,1.58992,-0.02964,0.03110,0.00061,-0.02354,1.59312,-0.00000,-0.00000,1.45000,0.06074,
PFBDM,PFHA06,headhook,eyeLA/eyeRA,0.00073,0.06146,1.58992,-0.02964,0.03110,0.00061,-0.02354,1.59312,-0.00000,-0.00000,1.45000,0.06074,
PFBEM,PFHA06,headhook,eyeLA/eyeRA,0.00073,0.06146,1.58992,-0.02964,0.03110,0.00061,-0.02354,1.59312,-0.00000,-0.00000,1.45000,0.06074,
PFBFM,PFHA06,headhook,eyeLA/eyeRA,0.00073,0.06146,1.58992,-0.02964,0.03110,0.00061,-0.02354,1.59312,-0.00000,-0.00000,1.45000,0.06074,
PFBGM,PFHA06,headhook,eyeLA/eyeRA,0.00073,0.06146,1.58992,-0.02964,0.03110,0.00061,-0.02354,1.59312,-0.00000,-0.00000,1.45000,0.06074,
PFBHM,PFHA06,headhook,eyeLA/eyeRA,0.00073,0.06146,1.58992,-0.02964,0.03110,0.00061,-0.02354,1.59312,-0.00000,-0.00000,1.45000,0.06074,
PFBIM,PFHA06,headhook,eyeLA/eyeRA,0.00013,0.08139,1.58920,-0.03024,0.03051,-0.00227,0.14453,1.58149,-0.00060,0.01993,1.44928,0.06074,
PFBJM,PFHA06,headhook,eyeLA/eyeRA,0.00073,0.06146,1.58992,-0.02964,0.03110,0.00061,-0.02354,1.59312,-0.00000,-0.00000,1.45000,0.06074,
PFBKM,PFHA06,headhook,eyeLA/eyeRA,0.00229,0.06192,1.58992,-0.02808,0.03266,0.00217,0.13053,1.59312,0.00156,0.00046,1.45000,0.06074,
PFBL,PFHA06,headhook,eyeLA/eyeRA,-0.00050,0.06185,1.59447,-0.03087,0.02987,0.00024,0.07801,1.60037,-0.00123,0.00038,1.45455,0.06074,
PFBMM,PFHA06,headhook,eyeLA/eyeRA,-0.00205,0.06337,1.58920,-0.03242,0.02833,-0.00227,0.14453,1.58149,-0.00278,0.00191,1.44928,0.06074,
PFBNM,PFHA06,headhook,eyeLA/eyeRA,0.00013,0.08139,1.58920,-0.03024,0.03051,-0.00227,0.14453,1.58149,-0.00060,0.01993,1.44928,0.06074,
PFBAM,PFHA03,headhook,eyeLA/eyeRA,-0.00022,0.05984,1.59408,-0.03205,0.03161,0.00059,-0.02273,1.53816,-0.00008,-0.00000,1.44925,0.06366,
N_CommF,PFHA03,headhook,eyeLA/eyeRA,-0.00014,0.05984,1.59483,-0.03197,0.03169,0.00061,0.00184,1.55492,-0.00000,-0.00000,1.45000,0.06366,
PFBCM,PFHA03,headhook,eyeLA/eyeRA,-0.00014,0.05984,1.59483,-0.03197,0.03169,0.00061,-0.02354,1.59312,-0.00000,-0.00000,1.45000,0.06366,
PFBDM,PFHA03,headhook,eyeLA/eyeRA,-0.00014,0.05984,1.59483,-0.03197,0.03169,0.00061,-0.02354,1.59312,-0.00000,-0.00000,1.45000,0.06366,
PFBEM,PFHA03,headhook,eyeLA/eyeRA,-0.00014,0.05984,1.59483,-0.03197,0.03169,0.00061,-0.02354,1.59312,-0.00000,-0.00000,1.45000,0.06366,
PFBFM,PFHA03,headhook,eyeLA/eyeRA,-0.00014,0.05984,1.59483,-0.03197,0.03169,0.00061,-0.02354,1.59312,-0.00000,-0.00000,1.45000,0.06366,
PFBGM,PFHA03,headhook,eyeLA/eyeRA,-0.00014,0.05984,1.59483,-0.03197,0.03169,0.00061,-0.02354,1.59312,-0.00000,-0.00000,1.45000,0.06366,
PFBHM,PFHA03,headhook,eyeLA/eyeRA,-0.00014,0.05984,1.59483,-0.03197,0.03169,0.00061,-0.02354,1.59312,-0.00000,-0.00000,1.45000,0.06366,
PFBIM,PFHA03,headhook,eyeLA/eyeRA,-0.00074,0.07977,1.59411,-0.03257,0.03109,-0.00227,0.14453,1.58149,-0.00060,0.01993,1.44928,0.06366,
PFBJM,PFHA03,headhook,eyeLA/eyeRA,-0.00014,0.05984,1.59483,-0.03197,0.03169,0.00061,-0.02354,1.59312,-0.00000,-0.00000,1.45000,0.06366,
PFBKM,PFHA03,headhook,eyeLA/eyeRA,0.00142,0.06030,1.59483,-0.03041,0.03325,0.00217,0.13053,1.59312,0.00156,0.00046,1.45000,0.06366,
PFBL,PFHA03,headhook,eyeLA/eyeRA,-0.00137,0.06022,1.59938,-0.03320,0.03046,0.00024,0.07801,1.60037,-0.00123,0.00038,1.45455,0.06366,
PFBMM,PFHA03,headhook,eyeLA/eyeRA,-0.00292,0.06175,1.59411,-0.03475,0.02891,-0.00227,0.14453,1.58149,-0.00278,0.00191,1.44928,0.06366,
PFBNM,PFHA03,headhook,eyeLA/eyeRA,-0.00074,0.07977,1.59411,-0.03257,0.03109,-0.00227,0.14453,1.58149,-0.00060,0.01993,1.44928,0.06366,
PFBAM,PFHA04,headhook,eyeLA/eyeRA,-0.00008,0.06000,1.58925,-0.03008,0.02992,0.00059,-0.02273,1.53816,-0.00008,-0.00000,1.44925,0.06000,
N_CommF,PFHA04,headhook,eyeLA/eyeRA,-0.00000,0.06000,1.59000,-0.03000,0.03000,0.00061,0.00184,1.55492,-0.00000,-0.00000,1.45000,0.06000,
PFBCM,PFHA04,headhook,eyeLA/eyeRA,-0.00000,0.06000,1.59000,-0.03000,0.03000,0.00061,-0.02354,1.59312,-0.00000,-0.00000,1.45000,0.06000,
PFBDM,PFHA04,headhook,eyeLA/eyeRA,-0.00000,0.06000,1.59000,-0.03000,0.03000,0.00061,-0.02354,1.59312,-0.00000,-0.00000,1.45000,0.06000,
PFBEM,PFHA04,headhook,eyeLA/eyeRA,-0.00000,0.06000,1.59000,-0.03000,0.03000,0.00061,-0.02354,1.59312,-0.00000,-0.00000,1.45000,0.06000,
PFBFM,PFHA04,headhook,eyeLA/eyeRA,-0.00000,0.06000,1.59000,-0.03000,0.03000,0.00061,-0.02354,1.59312,-0.00000,-0.00000,1.45000,0.06000,
PFBGM,PFHA04,headhook,eyeLA/eyeRA,-0.00000,0.06000,1.59000,-0.03000,0.03000,0.00061,-0.02354,1.59312,-0.00000,-0.00000,1.45000,0.06000,
PFBHM,PFHA04,headhook,eyeLA/eyeRA,-0.00000,0.06000,1.59000,-0.03000,0.03000,0.00061,-0.02354,1.59312,-0.00000,-0.00000,1.45000,0.06000,
PFBIM,PFHA04,headhook,eyeLA/eyeRA,-0.00060,0.07993,1.58928,-0.03060,0.02940,-0.00227,0.14453,1.58149,-0.00060,0.01993,1.44928,0.06000,
PFBJM,PFHA04,headhook,eyeLA/eyeRA,-0.00000,0.06000,1.59000,-0.03000,0.03000,0.00061,-0.02354,1.59312,-0.00000,-0.00000,1.45000,0.06000,
PFBKM,PFHA04,headhook,eyeLA/eyeRA,0.00156,0.06046,1.59000,-0.02844,0.03156,0.00217,0.13053,1.59312,0.00156,0.00046,1.45000,0.06000,
PFBL,PFHA04,headhook,eyeLA/eyeRA,-0.00123,0.06038,1.59455,-0.03123,0.02877,0.00024,0.07801,1.60037,-0.00123,0.00038,1.45455,0.06000,
PFBMM,PFHA04,headhook,eyeLA/eyeRA,-0.00278,0.06191,1.58928,-0.03278,0.02722,-0.00227,0.14453,1.58149,-0.00278,0.00191,1.44928,0.06000,
PFBNM,PFHA04,headhook,eyeLA/eyeRA,-0.00060,0.07993,1.58928,-0.03060,0.02940,-0.00227,0.14453,1.58149,-0.00060,0.01993,1.44928,0.06000,
PFBAM,PFHA05,headhook,eyeLA/eyeRA,0.00182,0.05792,1.58505,-0.02682,0.03045,0.00059,-0.02273,1.53816,-0.00008,-0.00000,1.44925,0.05727,
N_CommF,PFHA05,headhook,eyeLA/eyeRA,0.00190,0.05792,1.58580,-0.02674,0.03053,0.00061,0.00184,1.55492,-0.00000,-0.00000,1.45000,0.05727,
PFBCM,PFHA05,headhook,eyeLA/eyeRA,0.00190,0.05792,1.58580,-0.02674,0.03053,0.00061,-0.02354,1.59312,-0.00000,-0.00000,1.45000,0.05727,
PFBDM,PFHA05,headhook,eyeLA/eyeRA,0.00190,0.05792,1.58580,-0.02674,0.03053,0.00061,-0.02354,1.59312,-0.00000,-0.00000,1.45000,0.05727,
PFBEM,PFHA05,headhook,eyeLA/eyeRA,0.00190,0.05792,1.58580,-0.02674,0.03053,0.00061,-0.02354,1.59312,-0.00000,-0.00000,1.45000,0.05727,
PFBFM,PFHA05,headhook,eyeLA/eyeRA,0.00190,0.05792,1.58580,-0.02674,0.03053,0.00061,-0.02354,1.59312,-0.00000,-0.00000,1.45000,0.05727,
PFBGM,PFHA05,headhook,eyeLA/eyeRA,0.00190,0.05792,1.58580,-0.02674,0.03053,0.00061,-0.02354,1.59312,-0.00000,-0.00000,1.45000,0.05727,
PFBHM,PFHA05,headhook,eyeLA/eyeRA,0.00190,0.05792,1.58580,-0.02674,0.03053,0.00061,-0.02354,1.59312,-0.00000,-0.00000,1.45000,0.05727,
PFBIM,PFHA05,headhook,eyeLA/eyeRA,0.00130,0.07785,1.58508,-0.02734,0.02993,-0.00227,0.14453,1.58149,-0.00060,0.01993,1.44928,0.05727,
PFBJM,PFHA05,headhook,eyeLA/eyeRA,0.00190,0.05792,1.58580,-0.02674,0.03053,0.00061,-0.02354,1.59312,-0.00000,-0.00000,1.45000,0.05727,
PFBKM,PFHA05,headhook,eyeLA/eyeRA,0.00345,0.05838,1.58580,-0.02518,0.03209,0.00217,0.13053,1.59312,0.00156,0.00046,1.45000,0.05727,
PFBL,PFHA05,headhook,eyeLA/eyeRA,0.00067,0.05830,1.59035,-0.02797,0.02930,0.00024,0.07801,1.60037,-0.00123,0.00038,1.45455,0.05727,
PFBMM,PFHA05,headhook,eyeLA/eyeRA,-0.00088,0.05983,1.58508,-0.02952,0.02775,-0.00227,0.14453,1.58149,-0.00278,0.00191,1.44928,0.05727,
PFBNM,PFHA05,headhook,eyeLA/eyeRA,0.00130,0.07785,1.58508,-0.02734,0.02993,-0.00227,0.14453,1.58149,-0.00060,0.01993,1.44928,0.05727,
PFBAM,PFHB01,headhook,eyeLA/eyeRA,-0.00011,0.06414,1.58840,-0.02817,0.02795,0.00059,-0.02273,1.53816,-0.00008,-0.00000,1.44925,0.05613,
N_CommF,PFHB01,headhook,eyeLA/eyeRA,-0.00003,0.06414,1.58915,-0.02810,0.02803,0.00061,0.00184,1.55492,-0.00000,-0.00000,1.45000,0.05613,
PFBCM,PFHB01,headhook,eyeLA/eyeRA,-0.00003,0.06414,1.58915,-0.02810,0.02803,0.00061,-0.02354,1.59312,-0.00000,-0.00000,1.45000,0.05613,
PFBDM,PFHB01,headhook,eyeLA/eyeRA,-0.00003,0.06414,1.58915,-0.02810,0.02803,0.00061,-0.02354,1.59312,-0.00000,-0.00000,1.45000,0.05613,
PFBEM,PFHB01,headhook,eyeLA/eyeRA,-0.00003,0.06414,1.58915,-0.02810,0.02803,0.00061,-0.02354,1.59312,-0.00000,-0.00000,1.45000,0.05613,
PFBFM,PFHB01,headhook,eyeLA/eyeRA,-0.00003,0.06414,1.58915,-0.02810,0.02803,0.00061,-0.02354,1.59312,-0.00000,-0.00000,1.45000,0.05613,
PFBGM,PFHB01,headhook,eyeLA/eyeRA,-0.00003,0.06414,1.58915,-0.02810,0.02803,0.00061,-0.02354,1.59312,-0.00000,-0.00000,1.45000,0.05613,
PFBHM,PFHB01,headhook,eyeLA/eyeRA,-0.00003,0.06414,1.58915,-0.02810,0.02803,0.00061,-0.02354,1.59312,-0.00000,-0.00000,1.45000,0.05613,
PFBIM,PFHB01,headhook,eyeLA/eyeRA,-0.00063,0.08407,1.58843,-0.02870,0.02743,-0.00227,0.14453,1.58149,-0.00060,0.01993,1.44928,0.05613,
PFBJM,PFHB01,headhook,eyeLA/eyeRA,-0.00003,0.06414,1.58915,-0.02810,0.02803,0.00061,-0.02354,1.59312,-0.00000,-0.00000,1.45000,0.05613,
PFBKM,PFHB01,headhook,eyeLA/eyeRA,0.00152,0.06460,1.58915,-0.02654,0.02959,0.00217,0.13053,1.59312,0.00156,0.00046,1.45000,0.05613,
PFBL,PFHB01,headhook,eyeLA/eyeRA,-0.00126,0.06452,1.59370,-0.02933,0.02680,0.00024,0.07801,1.60037,-0.00123,0.00038,1.45455,0.05613,
PFBMM,PFHB01,headhook,eyeLA/eyeRA,-0.00281,0.06605,1.58843,-0.03088,0.02525,-0.00227,0.14453,1.58149,-0.00278,0.00191,1.44928,0.05613,
PFBNM,PFHB01,headhook,eyeLA/eyeRA,-0.00063,0.08407,1.58843,-0.02870,0.02743,-0.00227,0.14453,1.58149,-0.00060,0.01993,1.44928,0.05613,
PFBAM,PFHB02,headhook,eyeLA/eyeRA,-0.00008,0.06000,1.58925,-0.03008,0.02992,0.00059,-0.02273,1.53816,-0.00008,-0.00000,1.44925,0.06000,
N_CommF,PFHB02,headhook,eyeLA/eyeRA,-0.00000,0.06000,1.59000,-0.03000,0.03000,0.00061,0.00184,1.55492,-0.00000,-0.00000,1.45000,0.06000,
PFBCM,PFHB02,headhook,eyeLA/eyeRA,-0.00000,0.06000,1.59000,-0.03000,0.03000,0.00061,-0.02354,1.59312,-0.00000,-0.00000,1.45000,0.06000,
PFBDM,PFHB02,headhook,eyeLA/eyeRA,-0.00000,0.06000,1.59000,-0.03000,0.03000,0.00061,-0.02354,1.59312,-0.00000,-0.00000,1.45000,0.06000,
PFBEM,PFHB02,headhook,eyeLA/eyeRA,-0.00000,0.06000,1.59000,-0.03000,0.03000,0.00061,-0.02354,1.59312,-0.00000,-0.00000,1.45000,0.06000,
PFBFM,PFHB02,headhook,eyeLA/eyeRA,-0.00000,0.06000,1.59000,-0.03000,0.03000,0.00061,-0.02354,1.59312,-0.00000,-0.00000,1.45000,0.06000,
PFBGM,PFHB02,headhook,eyeLA/eyeRA,-0.00000,0.06000,1.59000,-0.03000,0.03000,0.00061,-0.02354,1.59312,-0.00000,-0.00000,1.45000,0.06000,
PFBHM,PFHB02,headhook,eyeLA/eyeRA,-0.00000,0.06000,1.59000,-0.03000,0.03000,0.00061,-0.02354,1.59312,-0.00000,-0.00000,1.45000,0.06000,
PFBIM,PFHB02,headhook,eyeLA/eyeRA,-0.00060,0.07993,1.58928,-0.03060,0.02940,-0.00227,0.14453,1.58149,-0.00060,0.01993,1.44928,0.06000,
PFBJM,PFHB02,headhook,eyeLA/eyeRA,-0.00000,0.06000,1.59000,-0.03000,0.03000,0.00061,-0.02354,1.59312,-0.00000,-0.00000,1.45000,0.06000,
PFBKM,PFHB02,headhook,eyeLA/eyeRA,0.00156,0.06046,1.59000,-0.02844,0.03156,0.00217,0.13053,1.59312,0.00156,0.00046,1.45000,0.06000,
PFBL,PFHB02,headhook,eyeLA/eyeRA,-0.00123,0.06038,1.59455,-0.03123,0.02877,0.00024,0.07801,1.60037,-0.00123,0.00038,1.45455,0.06000,
PFBMM,PFHB02,headhook,eyeLA/eyeRA,-0.00278,0.06191,1.58928,-0.03278,0.02722,-0.00227,0.14453,1.58149,-0.00278,0.00191,1.44928,0.06000,
PFBNM,PFHB02,headhook,eyeLA/eyeRA,-0.00060,0.07993,1.58928,-0.03060,0.02940,-0.00227,0.14453,1.58149,-0.00060,0.01993,1.44928,0.06000,
PFBAM,PFHB03,headhook,eyeLA/eyeRA,-0.00008,0.06000,1.58642,-0.03008,0.02992,0.00059,-0.02273,1.53816,-0.00008,-0.00000,1.44925,0.06000,
N_CommF,PFHB03,headhook,eyeLA/eyeRA,-0.00000,0.06000,1.58717,-0.03000,0.03000,0.00061,0.00184,1.55492,-0.00000,-0.00000,1.45000,0.06000,
PFBCM,PFHB03,headhook,eyeLA/eyeRA,-0.00000,0.06000,1.58717,-0.03000,0.03000,0.00061,-0.02354,1.59312,-0.00000,-0.00000,1.45000,0.06000,
PFBDM,PFHB03,headhook,eyeLA/eyeRA,-0.00000,0.06000,1.58717,-0.03000,0.03000,0.00061,-0.02354,1.59312,-0.00000,-0.00000,1.45000,0.06000,
PFBEM,PFHB03,headhook,eyeLA/eyeRA,-0.00000,0.06000,1.58717,-0.03000,0.03000,0.00061,-0.02354,1.59312,-0.00000,-0.00000,1.45000,0.06000,
PFBFM,PFHB03,headhook,eyeLA/eyeRA,-0.00000,0.06000,1.58717,-0.03000,0.03000,0.00061,-0.02354,1.59312,-0.00000,-0.00000,1.45000,0.06000,
PFBGM,PFHB03,headhook,eyeLA/eyeRA,-0.00000,0.06000,1.58717,-0.03000,0.03000,0.00061,-0.02354,1.59312,-0.00000,-0.00000,1.45000,0.06000,
PFBHM,PFHB03,headhook,eyeLA/eyeRA,-0.00000,0.06000,1.58717,-0.03000,0.03000,0.00061,-0.02354,1.59312,-0.00000,-0.00000,1.45000,0.06000,
PFBIM,PFHB03,headhook,eyeLA/eyeRA,-0.00060,0.07993,1.58645,-0.03060,0.02940,-0.00227,0.14453,1.58149,-0.00060,0.01993,1.44928,0.06000,
PFBJM,PFHB03,headhook,eyeLA/eyeRA,-0.00000,0.06000,1.58717,-0.03000,0.03000,0.00061,-0.02354,1.59312,-0.00000,-0.00000,1.45000,0.06000,
PFBKM,PFHB03,headhook,eyeLA/eyeRA,0.00156,0.06046,1.58717,-0.02844,0.03156,0.00217,0.13053,1.59312,0.00156,0.00046,1.45000,0.06000,
PFBL,PFHB03,headhook,eyeLA/eyeRA,-0.00123,0.06038,1.59172,-0.03123,0.02877,0.00024,0.07801,1.60037,-0.00123,0.00038,1.45455,0.06000,
PFBMM,PFHB03,headhook,eyeLA/eyeRA,-0.00278,0.06191,1.58645,-0.03278,0.02722,-0.00227,0.14453,1.58149,-0.00278,0.00191,1.44928,0.06000,
PFBNM,PFHB03,headhook,eyeLA/eyeRA,-0.00060,0.07993,1.58645,-0.03060,0.02940,-0.00227,0.14453,1.58149,-0.00060,0.01993,1.44928,0.06000,
PFBAM,PFHB04,headhook,eyeLA/eyeRA,0.00015,0.06549,1.59016,-0.02905,0.02935,0.00059,-0.02273,1.53816,-0.00008,-0.00000,1.44925,0.05840,
N_CommF,PFHB04,headhook,eyeLA/eyeRA,0.00023,0.06549,1.59091,-0.02897,0.02943,0.00061,0.00184,1.55492,-0.00000,-0.00000,1.45000,0.05840,
PFBCM,PFHB04,headhook,eyeLA/eyeRA,0.00023,0.06549,1.59091,-0.02897,0.02943,0.00061,-0.02354,1.59312,-0.00000,-0.00000,1.45000,0.05840,
PFBDM,PFHB04,headhook,eyeLA/eyeRA,0.00023,0.06549,1.59091,-0.02897,0.02943,0.00061,-0.02354,1.59312,-0.00000,-0.00000,1.45000,0.05840,
PFBEM,PFHB04,headhook,eyeLA/eyeRA,0.00023,0.06549,1.59091,-0.02897,0.02943,0.00061,-0.02354,1.59312,-0.00000,-0.00000,1.45000,0.05840,
PFBFM,PFHB04,headhook,eyeLA/eyeRA,0.00023,0.06549,1.59091,-0.02897,0.02943,0.00061,-0.02354,1.59312,-0.00000,-0.00000,1.45000,0.05840,
PFBGM,PFHB04,headhook,eyeLA/eyeRA,0.00023,0.06549,1.59091,-0.02897,0.02943,0.00061,-0.02354,1.59312,-0.00000,-0.00000,1.45000,0.05840,
PFBHM,PFHB04,headhook,eyeLA/eyeRA,0.00023,0.06549,1.59091,-0.02897,0.02943,0.00061,-0.02354,1.59312,-0.00000,-0.00000,1.45000,0.05840,
PFBIM,PFHB04,headhook,eyeLA/eyeRA,-0.00037,0.08542,1.59019,-0.02957,0.02883,-0.00227,0.14453,1.58149,-0.00060,0.01993,1.44928,0.05840,
PFBJM,PFHB04,headhook,eyeLA/eyeRA,0.00023,0.06549,1.59091,-0.02897,0.02943,0.00061,-0.02354,1.59312,-0.00000,-0.00000,1.45000,0.05840,
PFBKM,PFHB04,headhook,eyeLA/eyeRA,0.00179,0.06594,1.59091,-0.02741,0.03098,0.00217,0.13053,1.59312,0.00156,0.00046,1.45000,0.05840,
PFBL,PFHB04,headhook,eyeLA/eyeRA,-0.00100,0.06587,1.59545,-0.03020,0.02820,0.00024,0.07801,1.60037,-0.00123,0.00038,1.45455,0.05840,
PFBMM,PFHB04,headhook,eyeLA/eyeRA,-0.00255,0.06740,1.59019,-0.03175,0.02665,-0.00227,0.14453,1.58149,-0.00278,0.00191,1.44928,0.05840,
PFBNM,PFHB04,headhook,eyeLA/eyeRA,-0.00037,0.08542,1.59019,-0.02957,0.02883,-0.00227,0.14453,1.58149,-0.00060,0.01993,1.44928,0.05840,
PFBAM,PFHB05,headhook,eyeLA/eyeRA,0.00052,0.06389,1.59086,-0.02882,0.02986,0.00059,-0.02273,1.53816,-0.00008,-0.00000,1.44925,0.05868,
N_CommF,PFHB05,headhook,eyeLA/eyeRA,0.00060,0.06389,1.59161,-0.02874,0.02994,0.00061,0.00184,1.55492,-0.00000,-0.00000,1.45000,0.05868,
PFBCM,PFHB05,headhook,eyeLA/eyeRA,0.00060,0.06389,1.59161,-0.02874,0.02994,0.00061,-0.02354,1.59312,-0.00000,-0.00000,1.45000,0.05868,
PFBDM,PFHB05,headhook,eyeLA/eyeRA,0.00060,0.06389,1.59161,-0.02874,0.02994,0.00061,-0.02354,1.59312,-0.00000,-0.00000,1.45000,0.05868,
PFBEM,PFHB05,headhook,eyeLA/eyeRA,0.00060,0.06389,1.59161,-0.02874,0.02994,0.00061,-0.02354,1.59312,-0.00000,-0.00000,1.45000,0.05868,
PFBFM,PFHB05,headhook,eyeLA/eyeRA,0.00060,0.06389,1.59161,-0.02874,0.02994,0.00061,-0.02354,1.59312,-0.00000,-0.00000,1.45000,0.05868,
PFBGM,PFHB05,headhook,eyeLA/eyeRA,0.00060,0.06389,1.59161,-0.02874,0.02994,0.00061,-0.02354,1.59312,-0.00000,-0.00000,1.45000,0.05868,
PFBHM,PFHB05,headhook,eyeLA/eyeRA,0.00060,0.06389,1.59161,-0.02874,0.02994,0.00061,-0.02354,1.59312,-0.00000,-0.00000,1.45000,0.05868,
PFBIM,PFHB05,headhook,eyeLA/eyeRA,-0.00000,0.08382,1.59089,-0.02934,0.02934,-0.00227,0.14453,1.58149,-0.00060,0.01993,1.44928,0.05868,
PFBJM,PFHB05,headhook,eyeLA/eyeRA,0.00060,0.06389,1.59161,-0.02874,0.02994,0.00061,-0.02354,1.59312,-0.00000,-0.00000,1.45000,0.05868,
PFBKM,PFHB05,headhook,eyeLA/eyeRA,0.00215,0.06434,1.59161,-0.02718,0.03149,0.00217,0.13053,1.59312,0.00156,0.00046,1.45000,0.05868,
PFBL,PFHB05,headhook,eyeLA/eyeRA,-0.00063,0.06427,1.59616,-0.02997,0.02871,0.00024,0.07801,1.60037,-0.00123,0.00038,1.45455,0.05868,
PFBMM,PFHB05,headhook,eyeLA/eyeRA,-0.00218,0.06580,1.59089,-0.03152,0.02716,-0.00227,0.14453,1.58149,-0.00278,0.00191,1.44928,0.05868,
PFBNM,PFHB05,headhook,eyeLA/eyeRA,-0.00000,0.08382,1.59089,-0.02934,0.02934,-0.00227,0.14453,1.58149,-0.00060,0.01993,1.44928,0.05868,
PFBAM,PFHC01,headhook,eyeLA/eyeRA,-0.00008,0.06257,1.58858,-0.02652,0.02636,0.00059,-0.02273,1.53816,-0.00008,-0.00000,1.44925,0.05288,
N_CommF,PFHC01,headhook,eyeLA/eyeRA,-0.00000,0.06257,1.58933,-0.02644,0.02644,0.00061,0.00184,1.55492,-0.00000,-0.00000,1.45000,0.05288,
PFBCM,PFHC01,headhook,eyeLA/eyeRA,-0.00000,0.06257,1.58933,-0.02644,0.02644,0.00061,-0.02354,1.59312,-0.00000,-0.00000,1.45000,0.05288,
PFBDM,PFHC01,headhook,eyeLA/eyeRA,-0.00000,0.06257,1.58933,-0.02644,0.02644,0.00061,-0.02354,1.59312,-0.00000,-0.00000,1.45000,0.05288,
PFBEM,PFHC01,headhook,eyeLA/eyeRA,-0.00000,0.06257,1.58933,-0.02644,0.02644,0.00061,-0.02354,1.59312,-0.00000,-0.00000,1.45000,0.05288,
PFBFM,PFHC01,headhook,eyeLA/eyeRA,-0.00000,0.06257,1.58933,-0.02644,0.02644,0.00061,-0.02354,1.59312,-0.00000,-0.00000,1.45000,0.05288,
PFBGM,PFHC01,headhook,eyeLA/eyeRA,-0.00000,0.06257,1.58933,-0.02644,0.02644,0.00061,-0.02354,1.59312,-0.00000,-0.00000,1.45000,0.05288,
PFBHM,PFHC01,headhook,eyeLA/eyeRA,-0.00000,0.06257,1.58933,-0.02644,0.02644,0.00061,-0.02354,1.59312,-0.00000,-0.00000,1.45000,0.05288,
PFBIM,PFHC01,headhook,eyeLA/eyeRA,-0.00060,0.08250,1.58861,-0.02704,0.02584,-0.00227,0.14453,1.58149,-0.00060,0.01993,1.44928,0.05288,
PFBJM,PFHC01,headhook,eyeLA/eyeRA,-0.00000,0.06257,1.58933,-0.02644,0.02644,0.00061,-0.02354,1.59312,-0.00000,-0.00000,1.45000,0.05288,
PFBKM,PFHC01,headhook,eyeLA/eyeRA,0.00155,0.06302,1.58933,-0.02489,0.02800,0.00217,0.13053,1.59312,0.00156,0.00046,1.45000,0.05288,
PFBL,PFHC01,headhook,eyeLA/eyeRA,-0.00123,0.06295,1.59388,-0.02767,0.02521,0.00024,0.07801,1.60037,-0.00123,0.00038,1.45455,0.05288,
PFBMM,PFHC01,headhook,eyeLA/eyeRA,-0.00278,0.06448,1.58861,-0.02922,0.02366,-0.00227,0.14453,1.58149,-0.00278,0.00191,1.44928,0.05288,
PFBNM,PFHC01,headhook,eyeLA/eyeRA,-0.00060,0.08250,1.58861,-0.02704,0.02584,-0.00227,0.14453,1.58149,-0.00060,0.01993,1.44928,0.05288,
PFBAM,PFHC02,headhook,eyeLA/eyeRA,0.00064,0.05743,1.59403,-0.02485,0.02612,0.00059,-0.02273,1.53816,-0.00008,-0.00000,1.44925,0.05097,
N_CommF,PFHC02,headhook,eyeLA/eyeRA,0.00071,0.05743,1.59478,-0.02477,0.02620,0.00061,0.00184,1.55492,-0.00000,-0.00000,1.45000,0.05097,
PFBCM,PFHC02,headhook,eyeLA/eyeRA,0.00071,0.05743,1.59478,-0.02477,0.02620,0.00061,-0.02354,1.59312,-0.00000,-0.00000,1.45000,0.05097,
PFBDM,PFHC02,headhook,eyeLA/eyeRA,0.00071,0.05743,1.59478,-0.02477,0.02620,0.00061,-0.02354,1.59312,-0.00000,-0.00000,1.45000,0.05097,
PFBEM,PFHC02,headhook,eyeLA/eyeRA,0.00071,0.05743,1.59478,-0.02477,0.02620,0.00061,-0.02354,1.59312,-0.00000,-0.00000,1.45000,0.05097,
PFBFM,PFHC02,headhook,eyeLA/eyeRA,0.00071,0.05743,1.59478,-0.02477,0.02620,0.00061,-0.02354,1.59312,-0.00000,-0.00000,1.45000,0.05097,
PFBGM,PFHC02,headhook,eyeLA/eyeRA,0.00071,0.05743,1.59478,-0.02477,0.02620,0.00061,-0.02354,1.59312,-0.00000,-0.00000,1.45000,0.05097,
PFBHM,PFHC02,headhook,eyeLA/eyeRA,0.00071,0.05743,1.59478,-0.02477,0.02620,0.00061,-0.02354,1.59312,-0.00000,-0.00000,1.45000,0.05097,
PFBIM,PFHC02,headhook,eyeLA/eyeRA,0.00011,0.07736,1.59406,-0.02537,0.02560,-0.00227,0.14453,1.58149,-0.00060,0.01993,1.44928,0.05097,
PFBJM,PFHC02,headhook,eyeLA/eyeRA,0.00071,0.05743,1.59478,-0.02477,0.02620,0.00061,-0.02354,1.59312,-0.00000,-0.00000,1.45000,0.05097,
PFBKM,PFHC02,headhook,eyeLA/eyeRA,0.00227,0.05789,1.59478,-0.02322,0.02776,0.00217,0.13053,1.59312,0.00156,0.00046,1.45000,0.05097,
PFBL,PFHC02,headhook,eyeLA/eyeRA,-0.00052,0.05782,1.59933,-0.02600,0.02497,0.00024,0.07801,1.60037,-0.00123,0.00038,1.45455,0.05097,
PFBMM,PFHC02,headhook,eyeLA/eyeRA,-0.00206,0.05934,1.59406,-0.02755,0.02342,-0.00227,0.14453,1.58149,-0.00278,0.00191,1.44928,0.05097,
PFBNM,PFHC02,headhook,eyeLA/eyeRA,0.00011,0.07736,1.59406,-0.02537,0.02560,-0.00227,0.14453,1.58149,-0.00060,0.01993,1.44928,0.05097,
PFBAM,PFHC07,headhook,eyeLA/eyeRA,-0.00048,0.05751,1.59198,-0.02964,0.02868,0.00059,-0.02273,1.53816,-0.00008,-0.00000,1.44925,0.05832,
N_CommF,PFHC07,headhook,eyeLA/eyeRA,-0.00041,0.05751,1.59273,-0.02956,0.02875,0.00061,0.00184,1.55492,-0.00000,-0.00000,1.45000,0.05832,
PFBCM,PFHC07,headhook,eyeLA/eyeRA,-0.00041,0.05751,1.59273,-0.02956,0.02875,0.00061,-0.02354,1.59312,-0.00000,-0.00000,1.45000,0.05832,
PFBDM,PFHC07,headhook,eyeLA/eyeRA,-0.00041,0.05751,1.59273,-0.02956,0.02875,0.00061,-0.02354,1.59312,-0.00000,-0.00000,1.45000,0.05832,
PFBEM,PFHC07,headhook,eyeLA/eyeRA,-0.00041,0.05751,1.59273,-0.02956,0.02875,0.00061,-0.02354,1.59312,-0.00000,-0.00000,1.45000,0.05832,
PFBFM,PFHC07,headhook,eyeLA/eyeRA,-0.00041,0.05751,1.59273,-0.02956,0.02875,0.00061,-0.02354,1.59312,-0.00000,-0.00000,1.45000,0.05832,
PFBGM,PFHC07,headhook,eyeLA/eyeRA,-0.00041,0.05751,1.59273,-0.02956,0.02875,0.00061,-0.02354,1.59312,-0.00000,-0.00000,1.45000,0.05832,
PFBHM,PFHC07,headhook,eyeLA/eyeRA,-0.00041,0.05751,1.59273,-0.02956,0.02875,0.00061,-0.02354,1.59312,-0.00000,-0.00000,1.45000,0.05832,
PFBIM,PFHC07,headhook,eyeLA/eyeRA,-0.00100,0.07744,1.59201,-0.03016,0.02815,-0.00227,0.14453,1.58149,-0.00060,0.01993,1.44928,0.05832,
PFBJM,PFHC07,headhook,eyeLA/eyeRA,-0.00041,0.05751,1.59273,-0.02956,0.02875,0.00061,-0.02354,1.59312,-0.00000,-0.00000,1.45000,0.05832,
PFBKM,PFHC07,headhook,eyeLA/eyeRA,0.00115,0.05797,1.59273,-0.02801,0.03031,0.00217,0.13053,1.59312,0.00156,0.00046,1.45000,0.05832,
PFBL,PFHC07,headhook,eyeLA/eyeRA,-0.00164,0.05789,1.59727,-0.03079,0.02752,0.00024,0.07801,1.60037,-0.00123,0.00038,1.45455,0.05832,
PFBMM,PFHC07,headhook,eyeLA/eyeRA,-0.00318,0.05942,1.59201,-0.03234,0.02597,-0.00227,0.14453,1.58149,-0.00278,0.00191,1.44928,0.05832,
PFBNM,PFHC07,headhook,eyeLA/eyeRA,-0.00100,0.07744,1.59201,-0.03016,0.02815,-0.00227,0.14453,1.58149,-0.00060,0.01993,1.44928,0.05832,
PFBAM,PFHC04,headhook,eyeLA/eyeRA,0.00051,0.06351,1.59088,-0.02669,0.02771,0.00059,-0.02273,1.53816,-0.00008,-0.00000,1.44925,0.05440,
N_CommF,PFHC04,headhook,eyeLA/eyeRA,0.00059,0.06351,1.59163,-0.02661,0.02779,0.00061,0.00184,1.55492,-0.00000,-0.00000,1.45000,0.05440,
PFBCM,PFHC04,headhook,eyeLA/eyeRA,0.00059,0.06351,1.59163,-0.02661,0.02779,0.00061,-0.02354,1.59312,-0.00000,-0.00000,1.45000,0.05440,
PFBDM,PFHC04,headhook,eyeLA/eyeRA,0.00059,0.06351,1.59163,-0.02661,0.02779,0.00061,-0.02354,1.59312,-0.00000,-0.00000,1.45000,0.05440,
PFBEM,PFHC04,headhook,eyeLA/eyeRA,0.00059,0.06351,1.59163,-0.02661,0.02779,0.00061,-0.02354,1.59312,-0.00000,-0.00000,1.45000,0.05440,
PFBFM,PFHC04,headhook,eyeLA/eyeRA,0.00059,0.06351,1.59163,-0.02661,0.02779,0.00061,-0.02354,1.59312,-0.00000,-0.00000,1.45000,0.05440,
PFBGM,PFHC04,headhook,eyeLA/eyeRA,0.00059,0.06351,1.59163,-0.02661,0.02779,0.00061,-0.02354,1.59312,-0.00000,-0.00000,1.45000,0.05440,
PFBHM,PFHC04,headhook,eyeLA/eyeRA,0.00059,0.06351,1.59163,-0.02661,0.02779,0.00061,-0.02354,1.59312,-0.00000,-0.00000,1.45000,0.05440,
PFBIM,PFHC04,headhook,eyeLA/eyeRA,-0.00001,0.08344,1.59090,-0.02721,0.02719,-0.00227,0.14453,1.58149,-0.00060,0.01993,1.44928,0.05440,
PFBJM,PFHC04,headhook,eyeLA/eyeRA,0.00059,0.06351,1.59163,-0.02661,0.02779,0.00061,-0.02354,1.59312,-0.00000,-0.00000,1.45000,0.05440,
PFBKM,PFHC04,headhook,eyeLA/eyeRA,0.00215,0.06396,1.59163,-0.02505,0.02934,0.00217,0.13053,1.59312,0.00156,0.00046,1.45000,0.05440,
PFBL,PFHC04,headhook,eyeLA/eyeRA,-0.00064,0.06389,1.59617,-0.02784,0.02656,0.00024,0.07801,1.60037,-0.00123,0.00038,1.45455,0.05440,
PFBMM,PFHC04,headhook,eyeLA/eyeRA,-0.00219,0.06542,1.59090,-0.02939,0.02501,-0.00227,0.14453,1.58149,-0.00278,0.00191,1.44928,0.05440,
PFBNM,PFHC04,headhook,eyeLA/eyeRA,-0.00001,0.08344,1.59090,-0.02721,0.02719,-0.00227,0.14453,1.58149,-0.00060,0.01993,1.44928,0.05440,
PFBAM,PFHC05,headhook,eyeLA/eyeRA,-0.00018,0.05854,1.59026,-0.02802,0.02766,0.00059,-0.02273,1.53816,-0.00008,-0.00000,1.44925,0.05568,
N_CommF,PFHC05,headhook,eyeLA/eyeRA,-0.00011,0.05854,1.59101,-0.02795,0.02773,0.00061,0.00184,1.55492,-0.00000,-0.00000,1.45000,0.05568,
PFBCM,PFHC05,headhook,eyeLA/eyeRA,-0.00011,0.05854,1.59101,-0.02795,0.02773,0.00061,-0.02354,1.59312,-0.00000,-0.00000,1.45000,0.05568,
PFBDM,PFHC05,headhook,eyeLA/eyeRA,-0.00011,0.05854,1.59101,-0.02795,0.02773,0.00061,-0.02354,1.59312,-0.00000,-0.00000,1.45000,0.05568,
PFBEM,PFHC05,headhook,eyeLA/eyeRA,-0.00011,0.05854,1.59101,-0.02795,0.02773,0.00061,-0.02354,1.59312,-0.00000,-0.00000,1.45000,0.05568,
PFBFM,PFHC05,headhook,eyeLA/eyeRA,-0.00011,0.05854,1.59101,-0.02795,0.02773,0.00061,-0.02354,1.59312,-0.00000,-0.00000,1.45000,0.05568,
PFBGM,PFHC05,headhook,eyeLA/eyeRA,-0.00011,0.05854,1.59101,-0.02795,0.02773,0.00061,-0.02354,1.59312,-0.00000,-0.00000,1.45000,0.05568,
PFBHM,PFHC05,headhook,eyeLA/eyeRA,-0.00011,0.05854,1.59101,-0.02795,0.02773,0.00061,-0.02354,1.59312,-0.00000,-0.00000,1.45000,0.05568,
PFBIM,PFHC05,headhook,eyeLA/eyeRA,-0.00071,0.07847,1.59029,-0.02855,0.02713,-0.00227,0.14453,1.58149,-0.00060,0.01993,1.44928,0.05568,
PFBJM,PFHC05,headhook,eyeLA/eyeRA,-0.00011,0.05854,1.59101,-0.02795,0.02773,0.00061,-0.02354,1.59312,-0.00000,-0.00000,1.45000,0.05568,
PFBKM,PFHC05,headhook,eyeLA/eyeRA,0.00145,0.05900,1.59101,-0.02639,0.02929,0.00217,0.13053,1.59312,0.00156,0.00046,1.45000,0.05568,
PFBL,PFHC05,headhook,eyeLA/eyeRA,-0.00134,0.05892,1.59555,-0.02918,0.02650,0.00024,0.07801,1.60037,-0.00123,0.00038,1.45455,0.05568,
PFBMM,PFHC05,headhook,eyeLA/eyeRA,-0.00289,0.06045,1.59029,-0.03073,0.02495,-0.00227,0.14453,1.58149,-0.00278,0.00191,1.44928,0.05568,
PFBNM,PFHC05,headhook,eyeLA/eyeRA,-0.00071,0.07847,1.59029,-0.02855,0.02713,-0.00227,0.14453,1.58149,-0.00060,0.01993,1.44928,0.05568,
PMBAM,PMHA01,headhook,eyeLA/eyeRA,-0.00072,0.05207,1.66715,-0.02915,0.02771,0.00029,0.02068,1.63392,0.00000,-0.01804,1.52496,0.05686,
N_CommM,PMHA01,headhook,eyeLA/eyeRA,-0.00072,0.07011,1.69219,-0.02915,0.02771,0.00029,0.02068,1.63392,0.00000,-0.00000,1.55000,0.05686,
PMBCM,PMHA01,headhook,eyeLA/eyeRA,-0.00072,0.05207,1.66715,-0.02915,0.02771,0.00029,0.02068,1.63392,0.00000,-0.01804,1.52496,0.05686,
PMBDM,PMHA01,headhook,eyeLA/eyeRA,-0.00072,0.05207,1.66715,-0.02915,0.02771,0.00029,0.02068,1.63392,0.00000,-0.01804,1.52496,0.05686,
PMBEM,PMHA01,headhook,eyeLA/eyeRA,-0.00072,0.05207,1.66715,-0.02915,0.02771,0.00029,0.02068,1.63392,0.00000,-0.01804,1.52496,0.05686,
PMBFM,PMHA01,headhook,eyeLA/eyeRA,-0.00072,0.05207,1.66728,-0.02915,0.02771,0.00029,0.02068,1.63392,0.00000,-0.01804,1.52509,0.05686,
PMBGM,PMHA01,headhook,eyeLA/eyeRA,-0.00072,0.05207,1.66715,-0.02915,0.02771,0.00029,0.02068,1.63392,0.00000,-0.01804,1.52496,0.05686,
PMBHM,PMHA01,headhook,eyeLA/eyeRA,-0.00064,0.05207,1.66715,-0.02907,0.02779,0.00029,0.02068,1.63392,0.00008,-0.01804,1.52496,0.05686,
PMBIM,PMHA01,headhook,eyeLA/eyeRA,-0.00072,0.05034,1.69159,-0.02915,0.02771,0.00029,0.09728,1.64929,0.00000,-0.01977,1.54940,0.05686,
PMBJM,PMHA01,headhook,eyeLA/eyeRA,-0.00072,0.05207,1.66715,-0.02915,0.02771,0.00028,0.02100,1.63400,0.00000,-0.01804,1.52496,0.05686,
PMBKM,PMHA01,headhook,eyeLA/eyeRA,-0.00072,0.07011,1.69219,-0.02915,0.02771,0.00029,0.15735,1.71264,0.00000,-0.00000,1.55000,0.05686,
PMBMM,PMHA01,headhook,eyeLA/eyeRA,-0.00072,0.05134,1.66578,-0.02915,0.02771,0.00029,0.09728,1.64929,0.00000,-0.01877,1.52359,0.05686,
PMBNM,PMHA01,headhook,eyeLA/eyeRA,-0.00072,0.06046,1.68719,-0.02915,0.02771,0.00029,0.09728,1.64929,0.00000,-0.00965,1.54500,0.05686,
PMBAM,PMHA05,headhook,eyeLA/eyeRA,-0.00012,0.06755,1.66879,-0.02928,0.02904,0.00029,0.02068,1.63392,0.00000,-0.01804,1.52496,0.05832,
N_CommM,PMHA05,headhook,eyeLA/eyeRA,-0.00012,0.08559,1.69383,-0.02928,0.02904,0.00029,0.02068,1.63392,0.00000,-0.00000,1.55000,0.05832,
PMBCM,PMHA05,headhook,eyeLA/eyeRA,-0.00012,0.06755,1.66879,-0.02928,0.02904,0.00029,0.02068,1.63392,0.00000,-0.01804,1.52496,0.05832,
PMBDM,PMHA05,headhook,eyeLA/eyeRA,-0.00012,0.06755,1.66879,-0.02928,0.02904,0.00029,0.02068,1.63392,0.00000,-0.01804,1.52496,0.05832,
PMBEM,PMHA05,headhook,eyeLA/eyeRA,-0.00012,0.06755,1.66879,-0.02928,0.02904,0.00029,0.02068,1.63392,0.00000,-0.01804,1.52496,0.05832,
PMBFM,PMHA05,headhook,eyeLA/eyeRA,-0.00012,0.06755,1.66892,-0.02928,0.02904,0.00029,0.02068,1.63392,0.00000,-0.01804,1.52509,0.05832,
PMBGM,PMHA05,headhook,eyeLA/eyeRA,-0.00012,0.06755,1.66879,-0.02928,0.02904,0.00029,0.02068,1.63392,0.00000,-0.01804,1.52496,0.05832,
PMBHM,PMHA05,headhook,eyeLA/eyeRA,-0.00004,0.06755,1.66879,-0.02920,0.02912,0.00029,0.02068,1.63392,0.00008,-0.01804,1.52496,0.05832,
PMBIM,PMHA05,headhook,eyeLA/eyeRA,-0.00012,0.06582,1.69323,-0.02928,0.02904,0.00029,0.09728,1.64929,0.00000,-0.01977,1.54940,0.05832,
PMBJM,PMHA05,headhook,eyeLA/eyeRA,-0.00012,0.06755,1.66879,-0.02928,0.02904,0.00028,0.02100,1.63400,0.00000,-0.01804,1.52496,0.05832,
PMBKM,PMHA05,headhook,eyeLA/eyeRA,-0.00012,0.08559,1.69383,-0.02928,0.02904,0.00029,0.15735,1.71264,0.00000,-0.00000,1.55000,0.05832,
PMBMM,PMHA05,headhook,eyeLA/eyeRA,-0.00012,0.06682,1.66743,-0.02928,0.02904,0.00029,0.09728,1.64929,0.00000,-0.01877,1.52359,0.05832,
PMBNM,PMHA05,headhook,eyeLA/eyeRA,-0.00012,0.07595,1.68883,-0.02928,0.02904,0.00029,0.09728,1.64929,0.00000,-0.00965,1.54500,0.05832,
PMBAM,PMHA07,headhook,eyeLA/eyeRA,0.00000,0.07196,1.66496,-0.03000,0.03000,0.00029,0.02068,1.63392,0.00000,-0.01804,1.52496,0.06000,
N_CommM,PMHA07,headhook,eyeLA/eyeRA,0.00000,0.09000,1.69000,-0.03000,0.03000,0.00029,0.02068,1.63392,0.00000,-0.00000,1.55000,0.06000,
PMBCM,PMHA07,headhook,eyeLA/eyeRA,0.00000,0.07196,1.66496,-0.03000,0.03000,0.00029,0.02068,1.63392,0.00000,-0.01804,1.52496,0.06000,
PMBDM,PMHA07,headhook,eyeLA/eyeRA,0.00000,0.07196,1.66496,-0.03000,0.03000,0.00029,0.02068,1.63392,0.00000,-0.01804,1.52496,0.06000,
PMBEM,PMHA07,headhook,eyeLA/eyeRA,0.00000,0.07196,1.66496,-0.03000,0.03000,0.00029,0.02068,1.63392,0.00000,-0.01804,1.52496,0.06000,
PMBFM,PMHA07,headhook,eyeLA/eyeRA,0.00000,0.07196,1.66509,-0.03000,0.03000,0.00029,0.02068,1.63392,0.00000,-0.01804,1.52509,0.06000,
PMBGM,PMHA07,headhook,eyeLA/eyeRA,0.00000,0.07196,1.66496,-0.03000,0.03000,0.00029,0.02068,1.63392,0.00000,-0.01804,1.52496,0.06000,
PMBHM,PMHA07,headhook,eyeLA/eyeRA,0.00008,0.07196,1.66496,-0.02992,0.03008,0.00029,0.02068,1.63392,0.00008,-0.01804,1.52496,0.06000,
PMBIM,PMHA07,headhook,eyeLA/eyeRA,0.00000,0.07023,1.68940,-0.03000,0.03000,0.00029,0.09728,1.64929,0.00000,-0.01977,1.54940,0.06000,
PMBJM,PMHA07,headhook,eyeLA/eyeRA,0.00000,0.07196,1.66496,-0.03000,0.03000,0.00028,0.02100,1.63400,0.00000,-0.01804,1.52496,0.06000,
PMBKM,PMHA07,headhook,eyeLA/eyeRA,0.00000,0.09000,1.69000,-0.03000,0.03000,0.00029,0.15735,1.71264,0.00000,-0.00000,1.55000,0.06000,
PMBMM,PMHA07,headhook,eyeLA/eyeRA,0.00000,0.07123,1.66359,-0.03000,0.03000,0.00029,0.09728,1.64929,0.00000,-0.01877,1.52359,0.06000,
PMBNM,PMHA07,headhook,eyeLA/eyeRA,0.00000,0.08035,1.68500,-0.03000,0.03000,0.00029,0.09728,1.64929,0.00000,-0.00965,1.54500,0.06000,
PMBAM,PMHA06,headhook,eyeLA/eyeRA,0.00000,0.06750,1.66159,-0.03069,0.03069,0.00029,0.02068,1.63392,0.00000,-0.01804,1.52496,0.06137,
N_CommM,PMHA06,headhook,eyeLA/eyeRA,0.00000,0.08554,1.68663,-0.03069,0.03069,0.00029,0.02068,1.63392,0.00000,-0.00000,1.55000,0.06137,
PMBCM,PMHA06,headhook,eyeLA/eyeRA,0.00000,0.06750,1.66159,-0.03069,0.03069,0.00029,0.02068,1.63392,0.00000,-0.01804,1.52496,0.06137,
PMBDM,PMHA06,headhook,eyeLA/eyeRA,0.00000,0.06750,1.66159,-0.03069,0.03069,0.00029,0.02068,1.63392,0.00000,-0.01804,1.52496,0.06137,
PMBEM,PMHA06,headhook,eyeLA/eyeRA,0.00000,0.06750,1.66159,-0.03069,0.03069,0.00029,0.02068,1.63392,0.00000,-0.01804,1.52496,0.06137,
PMBFM,PMHA06,headhook,eyeLA/eyeRA,0.00000,0.06750,1.66172,-0.03069,0.03069,0.00029,0.02068,1.63392,0.00000,-0.01804,1.52509,0.06137,
PMBGM,PMHA06,headhook,eyeLA/eyeRA,0.00000,0.06750,1.66159,-0.03069,0.03069,0.00029,0.02068,1.63392,0.00000,-0.01804,1.52496,0.06137,
PMBHM,PMHA06,headhook,eyeLA/eyeRA,0.00008,0.06750,1.66159,-0.03061,0.03077,0.00029,0.02068,1.63392,0.00008,-0.01804,1.52496,0.06137,
PMBIM,PMHA06,headhook,eyeLA/eyeRA,0.00000,0.06577,1.68604,-0.03069,0.03069,0.00029,0.09728,1.64929,0.00000,-0.01977,1.54940,0.06137,
PMBJM,PMHA06,headhook,eyeLA/eyeRA,0.00000,0.06750,1.66159,-0.03069,0.03069,0.00028,0.02100,1.63400,0.00000,-0.01804,1.52496,0.06137,
PMBKM,PMHA06,headhook,eyeLA/eyeRA,0.00000,0.08554,1.68663,-0.03069,0.03069,0.00029,0.15735,1.71264,0.00000,-0.00000,1.55000,0.06137,
PMBMM,PMHA06,headhook,eyeLA/eyeRA,0.00000,0.06677,1.66023,-0.03069,0.03069,0.00029,0.09728,1.64929,0.00000,-0.01877,1.52359,0.06137,
PMBNM,PMHA06,headhook,eyeLA/eyeRA,0.00000,0.07589,1.68163,-0.03069,0.03069,0.00029,0.09728,1.64929,0.00000,-0.00965,1.54500,0.06137,
PMBAM,PMHA03,headhook,eyeLA/eyeRA,0.00000,0.06921,1.66715,-0.03044,0.03044,0.00029,0.02068,1.63392,0.00000,-0.01804,1.52496,0.06088,
N_CommM,PMHA03,headhook,eyeLA/eyeRA,0.00000,0.08725,1.69219,-0.03044,0.03044,0.00029,0.02068,1.63392,0.00000,-0.00000,1.55000,0.06088,
PMBCM,PMHA03,headhook,eyeLA/eyeRA,0.00000,0.06921,1.66715,-0.03044,0.03044,0.00029,0.02068,1.63392,0.00000,-0.01804,1.52496,0.06088,
PMBDM,PMHA03,headhook,eyeLA/eyeRA,0.00000,0.06921,1.66715,-0.03044,0.03044,0.00029,0.02068,1.63392,0.00000,-0.01804,1.52496,0.06088,
PMBEM,PMHA03,headhook,eyeLA/eyeRA,0.00000,0.06921,1.66715,-0.03044,0.03044,0.00029,0.02068,1.63392,0.00000,-0.01804,1.52496,0.06088,
PMBFM,PMHA03,headhook,eyeLA/eyeRA,0.00000,0.06921,1.66728,-0.03044,0.03044,0.00029,0.02068,1.63392,0.00000,-0.01804,1.52509,0.06088,
PMBGM,PMHA03,headhook,eyeLA/eyeRA,0.00000,0.06921,1.66715,-0.03044,0.03044,0.00029,0.02068,1.63392,0.00000,-0.01804,1.52496,0.06088,
PMBHM,PMHA03,headhook,eyeLA/eyeRA,0.00008,0.06921,1.66715,-0.03036,0.03052,0.00029,0.02068,1.63392,0.00008,-0.01804,1.52496,0.06088,
PMBIM,PMHA03,headhook,eyeLA/eyeRA,0.00000,0.06748,1.69159,-0.03044,0.03044,0.00029,0.09728,1.64929,0.00000,-0.01977,1.54940,0.06088,
PMBJM,PMHA03,headhook,eyeLA/eyeRA,0.00000,0.06921,1.66715,-0.03044,0.03044,0.00028,0.02100,1.63400,0.00000,-0.01804,1.52496,0.06088,
PMBKM,PMHA03,headhook,eyeLA/eyeRA,0.00000,0.08725,1.69219,-0.03044,0.03044,0.00029,0.15735,1.71264,0.00000,-0.00000,1.55000,0.06088,
PMBMM,PMHA03,headhook,eyeLA/eyeRA,0.00000,0.06848,1.66578,-0.03044,0.03044,0.00029,0.09728,1.64929,0.00000,-0.01877,1.52359,0.06088,
PMBNM,PMHA03,headhook,eyeLA/eyeRA,0.00000,0.07760,1.68719,-0.03044,0.03044,0.00029,0.09728,1.64929,0.00000,-0.00965,1.54500,0.06088,
PMBAM,PMHB06,headhook,eyeL/eyeR,0.00055,0.06723,1.66370,-0.02864,0.02973,0.00029,0.02068,1.63392,0.00000,-0.01804,1.52496,0.05837,
N_CommM,PMHB06,headhook,eyeL/eyeR,0.00055,0.08527,1.68874,-0.02864,0.02973,0.00029,0.02068,1.63392,0.00000,-0.00000,1.55000,0.05837,
PMBCM,PMHB06,headhook,eyeL/eyeR,0.00055,0.06723,1.66370,-0.02864,0.02973,0.00029,0.02068,1.63392,0.00000,-0.01804,1.52496,0.05837,
PMBDM,PMHB06,headhook,eyeL/eyeR,0.00055,0.06723,1.66370,-0.02864,0.02973,0.00029,0.02068,1.63392,0.00000,-0.01804,1.52496,0.05837,
PMBEM,PMHB06,headhook,eyeL/eyeR,0.00055,0.06723,1.66370,-0.02864,0.02973,0.00029,0.02068,1.63392,0.00000,-0.01804,1.52496,0.05837,
PMBFM,PMHB06,headhook,eyeL/eyeR,0.00055,0.06723,1.66383,-0.02864,0.02973,0.00029,0.02068,1.63392,0.00000,-0.01804,1.52509,0.05837,
PMBGM,PMHB06,headhook,eyeL/eyeR,0.00055,0.06723,1.66370,-0.02864,0.02973,0.00029,0.02068,1.63392,0.00000,-0.01804,1.52496,0.05837,
PMBHM,PMHB06,headhook,eyeL/eyeR,0.00062,0.06723,1.66370,-0.02856,0.02981,0.00029,0.02068,1.63392,0.00008,-0.01804,1.52496,0.05837,
PMBIM,PMHB06,headhook,eyeL/eyeR,0.00055,0.06550,1.68814,-0.02864,0.02973,0.00029,0.09728,1.64929,0.00000,-0.01977,1.54940,0.05837,
PMBJM,PMHB06,headhook,eyeL/eyeR,0.00055,0.06723,1.66370,-0.02864,0.02973,0.00028,0.02100,1.63400,0.00000,-0.01804,1.52496,0.05837,
PMBKM,PMHB06,headhook,eyeL/eyeR,0.00055,0.08527,1.68874,-0.02864,0.02973,0.00029,0.15735,1.71264,0.00000,-0.00000,1.55000,0.05837,
PMBMM,PMHB06,headhook,eyeL/eyeR,0.00055,0.06650,1.66234,-0.02864,0.02973,0.00029,0.09728,1.64929,0.00000,-0.01877,1.52359,0.05837,
PMBNM,PMHB06,headhook,eyeL/eyeR,0.00055,0.07562,1.68374,-0.02864,0.02973,0.00029,0.09728,1.64929,0.00000,-0.00965,1.54500,0.05837,
PMBAM,PMHB08,headhook,eyeLA/eyeRA,0.00000,0.06697,1.67247,-0.03046,0.03046,0.00029,0.02068,1.63392,0.00000,-0.01804,1.52496,0.06093,
N_CommM,PMHB08,headhook,eyeLA/eyeRA,0.00000,0.08501,1.69751,-0.03046,0.03046,0.00029,0.02068,1.63392,0.00000,-0.00000,1.55000,0.06093,
PMBCM,PMHB08,headhook,eyeLA/eyeRA,0.00000,0.06697,1.67247,-0.03046,0.03046,0.00029,0.02068,1.63392,0.00000,-0.01804,1.52496,0.06093,
PMBDM,PMHB08,headhook,eyeLA/eyeRA,0.00000,0.06697,1.67247,-0.03046,0.03046,0.00029,0.02068,1.63392,0.00000,-0.01804,1.52496,0.06093,
PMBEM,PMHB08,headhook,eyeLA/eyeRA,0.00000,0.06697,1.67247,-0.03046,0.03046,0.00029,0.02068,1.63392,0.00000,-0.01804,1.52496,0.06093,
PMBFM,PMHB08,headhook,eyeLA/eyeRA,0.00000,0.06697,1.67260,-0.03046,0.03046,0.00029,0.02068,1.63392,0.00000,-0.01804,1.52509,0.06093,
PMBGM,PMHB08,headhook,eyeLA/eyeRA,0.00000,0.06697,1.67247,-0.03046,0.03046,0.00029,0.02068,1.63392,0.00000,-0.01804,1.52496,0.06093,
PMBHM,PMHB08,headhook,eyeLA/eyeRA,0.00008,0.06697,1.67247,-0.03038,0.03054,0.00029,0.02068,1.63392,0.00008,-0.01804,1.52496,0.06093,
PMBIM,PMHB08,headhook,eyeLA/eyeRA,0.00000,0.06524,1.69691,-0.03046,0.03046,0.00029,0.09728,1.64929,0.00000,-0.01977,1.54940,0.06093,
PMBJM,PMHB08,headhook,eyeLA/eyeRA,0.00000,0.06697,1.67247,-0.03046,0.03046,0.00028,0.02100,1.63400,0.00000,-0.01804,1.52496,0.06093,
PMBKM,PMHB08,headhook,eyeLA/eyeRA,0.00000,0.08501,1.69751,-0.03046,0.03046,0.00029,0.15735,1.71264,0.00000,-0.00000,1.55000,0.06093,
PMBMM,PMHB08,headhook,eyeLA/eyeRA,0.00000,0.06624,1.67110,-0.03046,0.03046,0.00029,0.09728,1.64929,0.00000,-0.01877,1.52359,0.06093,
PMBNM,PMHB08,headhook,eyeLA/eyeRA,0.00000,0.07536,1.69251,-0.03046,0.03046,0.00029,0.09728,1.64929,0.00000,-0.00965,1.54500,0.06093,
PMBAM,PMHB10,headhook,eyeLA/eyeRA,0.00031,0.06907,1.67276,-0.02849,0.02912,0.00029,0.02068,1.63392,0.00000,-0.01804,1.52496,0.05761,
N_CommM,PMHB10,headhook,eyeLA/eyeRA,0.00031,0.08711,1.69780,-0.02849,0.02912,0.00029,0.02068,1.63392,0.00000,-0.00000,1.55000,0.05761,
PMBCM,PMHB10,headhook,eyeLA/eyeRA,0.00031,0.06907,1.67276,-0.02849,0.02912,0.00029,0.02068,1.63392,0.00000,-0.01804,1.52496,0.05761,
PMBDM,PMHB10,headhook,eyeLA/eyeRA,0.00031,0.06907,1.67276,-0.02849,0.02912,0.00029,0.02068,1.63392,0.00000,-0.01804,1.52496,0.05761,
PMBEM,PMHB10,headhook,eyeLA/eyeRA,0.00031,0.06907,1.67276,-0.02849,0.02912,0.00029,0.02068,1.63392,0.00000,-0.01804,1.52496,0.05761,
PMBFM,PMHB10,headhook,eyeLA/eyeRA,0.00031,0.06907,1.67289,-0.02849,0.02912,0.00029,0.02068,1.63392,0.00000,-0.01804,1.52509,0.05761,
PMBGM,PMHB10,headhook,eyeLA/eyeRA,0.00031,0.06907,1.67276,-0.02849,0.02912,0.00029,0.02068,1.63392,0.00000,-0.01804,1.52496,0.05761,
PMBHM,PMHB10,headhook,eyeLA/eyeRA,0.00039,0.06907,1.67276,-0.02842,0.02919,0.00029,0.02068,1.63392,0.00008,-0.01804,1.52496,0.05761,
PMBIM,PMHB10,headhook,eyeLA/eyeRA,0.00031,0.06734,1.69721,-0.02849,0.02912,0.00029,0.09728,1.64929,0.00000,-0.01977,1.54940,0.05761,
PMBJM,PMHB10,headhook,eyeLA/eyeRA,0.00031,0.06907,1.67276,-0.02849,0.02912,0.00028,0.02100,1.63400,0.00000,-0.01804,1.52496,0.05761,
PMBKM,PMHB10,headhook,eyeLA/eyeRA,0.00031,0.08711,1.69780,-0.02849,0.02912,0.00029,0.15735,1.71264,0.00000,-0.00000,1.55000,0.05761,
PMBMM,PMHB10,headhook,eyeLA/eyeRA,0.00031,0.06834,1.67140,-0.02849,0.02912,0.00029,0.09728,1.64929,0.00000,-0.01877,1.52359,0.05761,
PMBNM,PMHB10,headhook,eyeLA/eyeRA,0.00031,0.07747,1.69280,-0.02849,0.02912,0.00029,0.09728,1.64929,0.00000,-0.00965,1.54500,0.05761,
PMBAM,PMHB07,headhook,eyeLA/eyeRA,0.00000,0.06836,1.67567,-0.02977,0.02977,0.00029,0.02068,1.63392,0.00000,-0.01804,1.52496,0.05954,
N_CommM,PMHB07,headhook,eyeLA/eyeRA,0.00000,0.08640,1.70071,-0.02977,0.02977,0.00029,0.02068,1.63392,0.00000,-0.00000,1.55000,0.05954,
PMBCM,PMHB07,headhook,eyeLA/eyeRA,0.00000,0.06836,1.67567,-0.02977,0.02977,0.00029,0.02068,1.63392,0.00000,-0.01804,1.52496,0.05954,
PMBDM,PMHB07,headhook,eyeLA/eyeRA,0.00000,0.06836,1.67567,-0.02977,0.02977,0.00029,0.02068,1.63392,0.00000,-0.01804,1.52496,0.05954,
PMBEM,PMHB07,headhook,eyeLA/eyeRA,0.00000,0.06836,1.67567,-0.02977,0.02977,0.00029,0.02068,1.63392,0.00000,-0.01804,1.52496,0.05954,
PMBFM,PMHB07,headhook,eyeLA/eyeRA,0.00000,0.06836,1.67580,-0.02977,0.02977,0.00029,0.02068,1.63392,0.00000,-0.01804,1.52509,0.05954,
PMBGM,PMHB07,headhook,eyeLA/eyeRA,0.00000,0.06836,1.67567,-0.02977,0.02977,0.00029,0.02068,1.63392,0.00000,-0.01804,1.52496,0.05954,
PMBHM,PMHB07,headhook,eyeLA/eyeRA,0.00008,0.06836,1.67567,-0.02969,0.02985,0.00029,0.02068,1.63392,0.00008,-0.01804,1.52496,0.05954,
PMBIM,PMHB07,headhook,eyeLA/eyeRA,0.00000,0.06663,1.70011,-0.02977,0.02977,0.00029,0.09728,1.64929,0.00000,-0.01977,1.54940,0.05954,
PMBJM,PMHB07,headhook,eyeLA/eyeRA,0.00000,0.06836,1.67567,-0.02977,0.02977,0.00028,0.02100,1.63400,0.00000,-0.01804,1.52496,0.05954,
PMBKM,PMHB07,headhook,eyeLA/eyeRA,0.00000,0.08640,1.70071,-0.02977,0.02977,0.00029,0.15735,1.71264,0.00000,-0.00000,1.55000,0.05954,
PMBMM,PMHB07,headhook,eyeLA/eyeRA,0.00000,0.06763,1.67431,-0.02977,0.02977,0.00029,0.09728,1.64929,0.00000,-0.01877,1.52359,0.05954,
PMBNM,PMHB07,headhook,eyeLA/eyeRA,0.00000,0.07675,1.69571,-0.02977,0.02977,0.00029,0.09728,1.64929,0.00000,-0.00965,1.54500,0.05954,
PMBAM,PMHB09,headhook,eyeLA/eyeRA,-0.00022,0.05564,1.66830,-0.02804,0.02760,0.00029,0.02068,1.63392,0.00000,-0.01804,1.52496,0.05564,
N_CommM,PMHB09,headhook,eyeLA/eyeRA,-0.00022,0.07368,1.69334,-0.02804,0.02760,0.00029,0.02068,1.63392,0.00000,-0.00000,1.55000,0.05564,
PMBCM,PMHB09,headhook,eyeLA/eyeRA,-0.00022,0.05564,1.66830,-0.02804,0.02760,0.00029,0.02068,1.63392,0.00000,-0.01804,1.52496,0.05564,
PMBDM,PMHB09,headhook,eyeLA/eyeRA,-0.00022,0.05564,1.66830,-0.02804,0.02760,0.00029,0.02068,1.63392,0.00000,-0.01804,1.52496,0.05564,
PMBEM,PMHB09,headhook,eyeLA/eyeRA,-0.00022,0.05564,1.66830,-0.02804,0.02760,0.00029,0.02068,1.63392,0.00000,-0.01804,1.52496,0.05564,
PMBFM,PMHB09,headhook,eyeLA/eyeRA,-0.00022,0.05564,1.66843,-0.02804,0.02760,0.00029,0.02068,1.63392,0.00000,-0.01804,1.52509,0.05564,
PMBGM,PMHB09,headhook,eyeLA/eyeRA,-0.00022,0.05564,1.66830,-0.02804,0.02760,0.00029,0.02068,1.63392,0.00000,-0.01804,1.52496,0.05564,
PMBHM,PMHB09,headhook,eyeLA/eyeRA,-0.00014,0.05564,1.66830,-0.02796,0.02768,0.00029,0.02068,1.63392,0.00008,-0.01804,1.52496,0.05564,
PMBIM,PMHB09,headhook,eyeLA/eyeRA,-0.00022,0.05391,1.69274,-0.02804,0.02760,0.00029,0.09728,1.64929,0.00000,-0.01977,1.54940,0.05564,
PMBJM,PMHB09,headhook,eyeLA/eyeRA,-0.00022,0.05564,1.66830,-0.02804,0.02760,0.00028,0.02100,1.63400,0.00000,-0.01804,1.52496,0.05564,
PMBKM,PMHB09,headhook,eyeLA/eyeRA,-0.00022,0.07368,1.69334,-0.02804,0.02760,0.00029,0.15735,1.71264,0.00000,-0.00000,1.55000,0.05564,
PMBMM,PMHB09,headhook,eyeLA/eyeRA,-0.00022,0.05491,1.66693,-0.02804,0.02760,0.00029,0.09728,1.64929,0.00000,-0.01877,1.52359,0.05564,
PMBNM,PMHB09,headhook,eyeLA/eyeRA,-0.00022,0.06403,1.68834,-0.02804,0.02760,0.00029,0.09728,1.64929,0.00000,-0.00965,1.54500,0.05564,
PMBAM,PMHC01,headhook,eyeLA/eyeRA,0.00009,0.05830,1.67259,-0.02882,0.02900,0.00029,0.02068,1.63392,0.00000,-0.01804,1.52496,0.05782,
N_CommM,PMHC01,headhook,eyeLA/eyeRA,0.00009,0.07634,1.69763,-0.02882,0.02900,0.00029,0.02068,1.63392,0.00000,-0.00000,1.55000,0.05782,
PMBCM,PMHC01,headhook,eyeLA/eyeRA,0.00009,0.05830,1.67259,-0.02882,0.02900,0.00029,0.02068,1.63392,0.00000,-0.01804,1.52496,0.05782,
PMBDM,PMHC01,headhook,eyeLA/eyeRA,0.00009,0.05830,1.67259,-0.02882,0.02900,0.00029,0.02068,1.63392,0.00000,-0.01804,1.52496,0.05782,
PMBEM,PMHC01,headhook,eyeLA/eyeRA,0.00009,0.05830,1.67259,-0.02882,0.02900,0.00029,0.02068,1.63392,0.00000,-0.01804,1.52496,0.05782,
PMBFM,PMHC01,headhook,eyeLA/eyeRA,0.00009,0.05830,1.67272,-0.02882,0.02900,0.00029,0.02068,1.63392,0.00000,-0.01804,1.52509,0.05782,
PMBGM,PMHC01,headhook,eyeLA/eyeRA,0.00009,0.05830,1.67259,-0.02882,0.02900,0.00029,0.02068,1.63392,0.00000,-0.01804,1.52496,0.05782,
PMBHM,PMHC01,headhook,eyeLA/eyeRA,0.00017,0.05830,1.67259,-0.02874,0.02908,0.00029,0.02068,1.63392,0.00008,-0.01804,1.52496,0.05782,
PMBIM,PMHC01,headhook,eyeLA/eyeRA,0.00009,0.05657,1.69703,-0.02882,0.02900,0.00029,0.09728,1.64929,0.00000,-0.01977,1.54940,0.05782,
PMBJM,PMHC01,headhook,eyeLA/eyeRA,0.00009,0.05830,1.67259,-0.02882,0.02900,0.00028,0.02100,1.63400,0.00000,-0.01804,1.52496,0.05782,
PMBKM,PMHC01,headhook,eyeLA/eyeRA,0.00009,0.07634,1.69763,-0.02882,0.02900,0.00029,0.15735,1.71264,0.00000,-0.00000,1.55000,0.05782,
PMBMM,PMHC01,headhook,eyeLA/eyeRA,0.00009,0.05757,1.67123,-0.02882,0.02900,0.00029,0.09728,1.64929,0.00000,-0.01877,1.52359,0.05782,
PMBNM,PMHC01,headhook,eyeLA/eyeRA,0.00009,0.06669,1.69263,-0.02882,0.02900,0.00029,0.09728,1.64929,0.00000,-0.00965,1.54500,0.05782,
PMBAM,PMHC06,headhook,eyeL/eyeR,-0.00000,0.05585,1.67019,-0.02633,0.02633,0.00029,0.02068,1.63392,0.00000,-0.01804,1.52496,0.05266,
N_CommM,PMHC06,headhook,eyeL/eyeR,-0.00000,0.07389,1.69523,-0.02633,0.02633,0.00029,0.02068,1.63392,0.00000,-0.00000,1.55000,0.05266,
PMBCM,PMHC06,headhook,eyeL/eyeR,-0.00000,0.05585,1.67019,-0.02633,0.02633,0.00029,0.02068,1.63392,0.00000,-0.01804,1.52496,0.05266,
PMBDM,PMHC06,headhook,eyeL/eyeR,-0.00000,0.05585,1.67019,-0.02633,0.02633,0.00029,0.02068,1.63392,0.00000,-0.01804,1.52496,0.05266,
PMBEM,PMHC06,headhook,eyeL/eyeR,-0.00000,0.05585,1.67019,-0.02633,0.02633,0.00029,0.02068,1.63392,0.00000,-0.01804,1.52496,0.05266,
PMBFM,PMHC06,headhook,eyeL/eyeR,-0.00000,0.05585,1.67032,-0.02633,0.02633,0.00029,0.02068,1.63392,0.00000,-0.01804,1.52509,0.05266,
PMBGM,PMHC06,headhook,eyeL/eyeR,-0.00000,0.05585,1.67019,-0.02633,0.02633,0.00029,0.02068,1.63392,0.00000,-0.01804,1.52496,0.05266,
PMBHM,PMHC06,headhook,eyeL/eyeR,0.00008,0.05585,1.67019,-0.02625,0.02641,0.00029,0.02068,1.63392,0.00008,-0.01804,1.52496,0.05266,
PMBIM,PMHC06,headhook,eyeL/eyeR,-0.00000,0.05412,1.69463,-0.02633,0.02633,0.00029,0.09728,1.64929,0.00000,-0.01977,1.54940,0.05266,
PMBJM,PMHC06,headhook,eyeL/eyeR,-0.00000,0.05585,1.67019,-0.02633,0.02633,0.00028,0.02100,1.63400,0.00000,-0.01804,1.52496,0.05266,
PMBKM,PMHC06,headhook,eyeL/eyeR,-0.00000,0.07389,1.69523,-0.02633,0.02633,0.00029,0.15735,1.71264,0.00000,-0.00000,1.55000,0.05266,
PMBMM,PMHC06,headhook,eyeL/eyeR,-0.00000,0.05512,1.66882,-0.02633,0.02633,0.00029,0.09728,1.64929,0.00000,-0.01877,1.52359,0.05266,
PMBNM,PMHC06,headhook,eyeL/eyeR,-0.00000,0.06424,1.69023,-0.02633,0.02633,0.00029,0.09728,1.64929,0.00000,-0.00965,1.54500,0.05266,
PMBAM,PMHC03,headhook,eyeLA/eyeRA,-0.00009,0.06656,1.67039,-0.03012,0.02994,0.00029,0.02068,1.63392,0.00000,-0.01804,1.52496,0.06006,
N_CommM,PMHC03,headhook,eyeLA/eyeRA,-0.00009,0.08460,1.69543,-0.03012,0.02994,0.00029,0.02068,1.63392,0.00000,-0.00000,1.55000,0.06006,
PMBCM,PMHC03,headhook,eyeLA/eyeRA,-0.00009,0.06656,1.67039,-0.03012,0.02994,0.00029,0.02068,1.63392,0.00000,-0.01804,1.52496,0.06006,
PMBDM,PMHC03,headhook,eyeLA/eyeRA,-0.00009,0.06656,1.67039,-0.03012,0.02994,0.00029,0.02068,1.63392,0.00000,-0.01804,1.52496,0.06006,
PMBEM,PMHC03,headhook,eyeLA/eyeRA,-0.00009,0.06656,1.67039,-0.03012,0.02994,0.00029,0.02068,1.63392,0.00000,-0.01804,1.52496,0.06006,
PMBFM,PMHC03,headhook,eyeLA/eyeRA,-0.00009,0.06656,1.67052,-0.03012,0.02994,0.00029,0.02068,1.63392,0.00000,-0.01804,1.52509,0.06006,
PMBGM,PMHC03,headhook,eyeLA/eyeRA,-0.00009,0.06656,1.67039,-0.03012,0.02994,0.00029,0.02068,1.63392,0.00000,-0.01804,1.52496,0.06006,
PMBHM,PMHC03,headhook,eyeLA/eyeRA,-0.00001,0.06656,1.67039,-0.03005,0.03002,0.00029,0.02068,1.63392,0.00008,-0.01804,1.52496,0.06006,
PMBIM,PMHC03,headhook,eyeLA/eyeRA,-0.00009,0.06482,1.69484,-0.03012,0.02994,0.00029,0.09728,1.64929,0.00000,-0.01977,1.54940,0.06006,
PMBJM,PMHC03,headhook,eyeLA/eyeRA,-0.00009,0.06656,1.67039,-0.03012,0.02994,0.00028,0.02100,1.63400,0.00000,-0.01804,1.52496,0.06006,
PMBKM,PMHC03,headhook,eyeLA/eyeRA,-0.00009,0.08460,1.69543,-0.03012,0.02994,0.00029,0.15735,1.71264,0.00000,-0.00000,1.55000,0.06006,
PMBMM,PMHC03,headhook,eyeLA/eyeRA,-0.00009,0.06583,1.66903,-0.03012,0.02994,0.00029,0.09728,1.64929,0.00000,-0.01877,1.52359,0.06006,
PMBNM,PMHC03,headhook,eyeLA/eyeRA,-0.00009,0.07495,1.69043,-0.03012,0.02994,0.00029,0.09728,1.64929,0.00000,-0.00965,1.54500,0.06006,
PMBAM,PMHC04,headhook,eyeLA/eyeRA,0.00000,0.07035,1.67077,-0.02985,0.02985,0.00029,0.02068,1.63392,0.00000,-0.01804,1.52496,0.05970,
N_CommM,PMHC04,headhook,eyeLA/eyeRA,0.00000,0.08839,1.69581,-0.02985,0.02985,0.00029,0.02068,1.63392,0.00000,-0.00000,1.55000,0.05970,
PMBCM,PMHC04,headhook,eyeLA/eyeRA,0.00000,0.07035,1.67077,-0.02985,0.02985,0.00029,0.02068,1.63392,0.00000,-0.01804,1.52496,0.05970,
PMBDM,PMHC04,headhook,eyeLA/eyeRA,0.00000,0.07035,1.67077,-0.02985,0.02985,0.00029,0.02068,1.63392,0.00000,-0.01804,1.52496,0.05970,
PMBEM,PMHC04,headhook,eyeLA/eyeRA,0.00000,0.07035,1.67077,-0.02985,0.02985,0.00029,0.02068,1.63392,0.00000,-0.01804,1.52496,0.05970,
PMBFM,PMHC04,headhook,eyeLA/eyeRA,0.00000,0.07035,1.67090,-0.02985,0.02985,0.00029,0.02068,1.63392,0.00000,-0.01804,1.52509,0.05970,
PMBGM,PMHC04,headhook,eyeLA/eyeRA,0.00000,0.07035,1.67077,-0.02985,0.02985,0.00029,0.02068,1.63392,0.00000,-0.01804,1.52496,0.05970,
PMBHM,PMHC04,headhook,eyeLA/eyeRA,0.00008,0.07035,1.67077,-0.02977,0.02993,0.00029,0.02068,1.63392,0.00008,-0.01804,1.52496,0.05970,
PMBIM,PMHC04,headhook,eyeLA/eyeRA,0.00000,0.06861,1.69521,-0.02985,0.02985,0.00029,0.09728,1.64929,0.00000,-0.01977,1.54940,0.05970,
PMBJM,PMHC04,headhook,eyeLA/eyeRA,0.00000,0.07035,1.67077,-0.02985,0.02985,0.00028,0.02100,1.63400,0.00000,-0.01804,1.52496,0.05970,
PMBKM,PMHC04,headhook,eyeLA/eyeRA,0.00000,0.08839,1.69581,-0.02985,0.02985,0.00029,0.15735,1.71264,0.00000,-0.00000,1.55000,0.05970,
PMBMM,PMHC04,headhook,eyeLA/eyeRA,0.00000,0.06962,1.66940,-0.02985,0.02985,0.00029,0.09728,1.64929,0.00000,-0.01877,1.52359,0.05970,
PMBNM,PMHC04,headhook,eyeLA/eyeRA,0.00000,0.07874,1.69081,-0.02985,0.02985,0.00029,0.09728,1.64929,0.00000,-0.00965,1.54500,0.05970,
PMBAM,PMHC07,headhook,eyeLA/eyeRA,0.00000,0.07002,1.66732,-0.02925,0.02925,0.00029,0.02068,1.63392,0.00000,-0.01804,1.52496,0.05851,
N_CommM,PMHC07,headhook,eyeLA/eyeRA,0.00000,0.08806,1.69236,-0.02925,0.02925,0.00029,0.02068,1.63392,0.00000,-0.00000,1.55000,0.05851,
PMBCM,PMHC07,headhook,eyeLA/eyeRA,0.00000,0.07002,1.66732,-0.02925,0.02925,0.00029,0.02068,1.63392,0.00000,-0.01804,1.52496,0.05851,
PMBDM,PMHC07,headhook,eyeLA/eyeRA,0.00000,0.07002,1.66732,-0.02925,0.02925,0.00029,0.02068,1.63392,0.00000,-0.01804,1.52496,0.05851,
PMBEM,PMHC07,headhook,eyeLA/eyeRA,0.00000,0.07002,1.66732,-0.02925,0.02925,0.00029,0.02068,1.63392,0.00000,-0.01804,1.52496,0.05851,
PMBFM,PMHC07,headhook,eyeLA/eyeRA,0.00000,0.07002,1.66746,-0.02925,0.02925,0.00029,0.02068,1.63392,0.00000,-0.01804,1.52509,0.05851,
PMBGM,PMHC07,headhook,eyeLA/eyeRA,0.00000,0.07002,1.66732,-0.02925,0.02925,0.00029,0.02068,1.63392,0.00000,-0.01804,1.52496,0.05851,
PMBHM,PMHC07,headhook,eyeLA/eyeRA,0.00008,0.07002,1.66732,-0.02918,0.02933,0.00029,0.02068,1.63392,0.00008,-0.01804,1.52496,0.05851,
PMBIM,PMHC07,headhook,eyeLA/eyeRA,0.00000,0.06828,1.69177,-0.02925,0.02925,0.00029,0.09728,1.64929,0.00000,-0.01977,1.54940,0.05851,
PMBJM,PMHC07,headhook,eyeLA/eyeRA,0.00000,0.07002,1.66732,-0.02925,0.02925,0.00028,0.02100,1.63400,0.00000,-0.01804,1.52496,0.05851,
PMBKM,PMHC07,headhook,eyeLA/eyeRA,0.00000,0.08806,1.69236,-0.02925,0.02925,0.00029,0.15735,1.71264,0.00000,-0.00000,1.55000,0.05851,
PMBMM,PMHC07,headhook,eyeLA/eyeRA,0.00000,0.06929,1.66596,-0.02925,0.02925,0.00029,0.09728,1.64929,0.00000,-0.01877,1.52359,0.05851,
PMBNM,PMHC07,headhook,eyeLA/eyeRA,0.00000,0.07841,1.68737,-0.02925,0.02925,0.00029,0.09728,1.64929,0.00000,-0.00965,1.54500,0.05851,
N_DarthBand,darthband_h,headhook,eyeLA/eyeRA,0.00020,0.07703,1.69831,-0.02778,0.02818,0.00029,0.02068,1.63392,0.00003,-0.00000,1.55000,0.05597,
N_CommF,comm_w_f,headhook,eyeLA/eyeRA,0.00055,0.06272,1.58702,-0.02544,0.02653,0.00061,0.00184,1.55492,-0.00000,-0.00000,1.45000,0.05197,
PFBCM,comm_w_f,headhook,eyeLA/eyeRA,0.00055,0.06272,1.58702,-0.02544,0.02653,0.00061,-0.02354,1.59312,-0.00000,-0.00000,1.45000,0.05197,
PFBDM,comm_w_f,headhook,eyeLA/eyeRA,0.00055,0.06272,1.58702,-0.02544,0.02653,0.00061,-0.02354,1.59312,-0.00000,-0.00000,1.45000,0.05197,
PFBEM,comm_w_f,headhook,eyeLA/eyeRA,0.00055,0.06272,1.58702,-0.02544,0.02653,0.00061,-0.02354,1.59312,-0.00000,-0.00000,1.45000,0.05197,
PFBFM,comm_w_f,headhook,eyeLA/eyeRA,0.00055,0.06272,1.58702,-0.02544,0.02653,0.00061,-0.02354,1.59312,-0.00000,-0.00000,1.45000,0.05197,
PFBGM,comm_w_f,headhook,eyeLA/eyeRA,0.00055,0.06272,1.58702,-0.02544,0.02653,0.00061,-0.02354,1.59312,-0.00000,-0.00000,1.45000,0.05197,
PFBHM,comm_w_f,headhook,eyeLA/eyeRA,0.00055,0.06272,1.58702,-0.02544,0.02653,0.00061,-0.02354,1.59312,-0.00000,-0.00000,1.45000,0.05197,
PFBIM,comm_w_f,headhook,eyeLA/eyeRA,-0.00005,0.08265,1.58630,-0.02604,0.02594,-0.00227,0.14453,1.58149,-0.00060,0.01993,1.44928,0.05197,
PFBKM,comm_w_f,headhook,eyeLA/eyeRA,0.00210,0.06318,1.58702,-0.02388,0.02809,0.00217,0.13053,1.59312,0.00156,0.00046,1.45000,0.05197,
PFBMM,comm_w_f,headhook,eyeLA/eyeRA,-0.00223,0.06463,1.58630,-0.02822,0.02376,-0.00227,0.14453,1.58149,-0.00278,0.00191,1.44928,0.05197,
PFBNM,comm_w_f,headhook,eyeLA/eyeRA,-0.00005,0.08265,1.58630,-0.02604,0.02594,-0.00227,0.14453,1.58149,-0.00060,0.01993,1.44928,0.05197,
N_CommF,comm_b_f,headhook,eyeLA/eyeRA,-0.00000,0.06963,1.59133,-0.03096,0.03096,0.00061,0.00184,1.55492,-0.00000,-0.00000,1.45000,0.06192,
PFBCM,comm_b_f,headhook,eyeLA/eyeRA,-0.00000,0.06963,1.59133,-0.03096,0.03096,0.00061,-0.02354,1.59312,-0.00000,-0.00000,1.45000,0.06192,
PFBDM,comm_b_f,headhook,eyeLA/eyeRA,-0.00000,0.06963,1.59133,-0.03096,0.03096,0.00061,-0.02354,1.59312,-0.00000,-0.00000,1.45000,0.06192,
PFBEM,comm_b_f,headhook,eyeLA/eyeRA,-0.00000,0.06963,1.59133,-0.03096,0.03096,0.00061,-0.02354,1.59312,-0.00000,-0.00000,1.45000,0.06192,
PFBFM,comm_b_f,headhook,eyeLA/eyeRA,-0.00000,0.06963,1.59133,-0.03096,0.03096,0.00061,-0.02354,1.59312,-0.00000,-0.00000,1.45000,0.06192,
PFBGM,comm_b_f,headhook,eyeLA/eyeRA,-0.00000,0.06963,1.59133,-0.03096,0.03096,0.00061,-0.02354,1.59312,-0.00000,-0.00000,1.45000,0.06192,
PFBHM,comm_b_f,headhook,eyeLA/eyeRA,-0.00000,0.06963,1.59133,-0.03096,0.03096,0.00061,-0.02354,1.59312,-0.00000,-0.00000,1.45000,0.06192,
PFBIM,comm_b_f,headhook,eyeLA/eyeRA,-0.00060,0.08956,1.59061,-0.03156,0.03036,-0.00227,0.14453,1.58149,-0.00060,0.01993,1.44928,0.06192,
PFBKM,comm_b_f,headhook,eyeLA/eyeRA,0.00155,0.07009,1.59133,-0.02941,0.03252,0.00217,0.13053,1.59312,0.00156,0.00046,1.45000,0.06192,
PFBMM,comm_b_f,headhook,eyeLA/eyeRA,-0.00278,0.07154,1.59061,-0.03374,0.02818,-0.00227,0.14453,1.58149,-0.00278,0.00191,1.44928,0.06192,
PFBNM,comm_b_f,headhook,eyeLA/eyeRA,-0.00060,0.08956,1.59061,-0.03156,0.03036,-0.00227,0.14453,1.58149,-0.00060,0.01993,1.44928,0.06192,
N_CommF,old_a_f,headhook,eyeLA/eyeRA,0.00055,0.06413,1.58911,-0.03018,0.03129,0.00061,0.00184,1.55492,-0.00000,-0.00000,1.45000,0.06147,
PFBCM,old_a_f,headhook,eyeLA/eyeRA,0.00055,0.06413,1.58911,-0.03018,0.03129,0.00061,-0.02354,1.59312,-0.00000,-0.00000,1.45000,0.06147,
PFBDM,old_a_f,headhook,eyeLA/eyeRA,0.00055,0.06413,1.58911,-0.03018,0.03129,0.00061,-0.02354,1.59312,-0.00000,-0.00000,1.45000,0.06147,
PFBEM,old_a_f,headhook,eyeLA/eyeRA,0.00055,0.06413,1.58911,-0.03018,0.03129,0.00061,-0.02354,1.59312,-0.00000,-0.00000,1.45000,0.06147,
PFBFM,old_a_f,headhook,eyeLA/eyeRA,0.00055,0.06413,1.58911,-0.03018,0.03129,0.00061,-0.02354,1.59312,-0.00000,-0.00000,1.45000,0.06147,
PFBGM,old_a_f,headhook,eyeLA/eyeRA,0.00055,0.06413,1.58911,-0.03018,0.03129,0.00061,-0.02354,1.59312,-0.00000,-0.00000,1.45000,0.06147,
PFBHM,old_a_f,headhook,eyeLA/eyeRA,0.00055,0.06413,1.58911,-0.03018,0.03129,0.00061,-0.02354,1.59312,-0.00000,-0.00000,1.45000,0.06147,
PFBIM,old_a_f,headhook,eyeLA/eyeRA,-0.00004,0.08406,1.58839,-0.03078,0.03069,-0.00227,0.14453,1.58149,-0.00060,0.01993,1.44928,0.06147,
PFBKM,old_a_f,headhook,eyeLA/eyeRA,0.00211,0.06459,1.58911,-0.02863,0.03285,0.00217,0.13053,1.59312,0.00156,0.00046,1.45000,0.06147,
PFBMM,old_a_f,headhook,eyeLA/eyeRA,-0.00222,0.06604,1.58839,-0.03296,0.02851,-0.00227,0.14453,1.58149,-0.00278,0.00191,1.44928,0.06147,
PFBNM,old_a_f,headhook,eyeLA/eyeRA,-0.00004,0.08406,1.58839,-0.03078,0.03069,-0.00227,0.14453,1.58149,-0.00060,0.01993,1.44928,0.06147,
N_CommF,old_w_f,headhook,eyeLA/eyeRA,0.00055,0.06272,1.58702,-0.02544,0.02653,0.00061,0.00184,1.55492,-0.00000,-0.00000,1.45000,0.05197,
PFBCM,old_w_f,headhook,eyeLA/eyeRA,0.00055,0.06272,1.58702,-0.02544,0.02653,0.00061,-0.02354,1.59312,-0.00000,-0.00000,1.45000,0.05197,
PFBDM,old_w_f,headhook,eyeLA/eyeRA,0.00055,0.06272,1.58702,-0.02544,0.02653,0.00061,-0.02354,1.59312,-0.00000,-0.00000,1.45000,0.05197,
PFBEM,old_w_f,headhook,eyeLA/eyeRA,0.00055,0.06272,1.58702,-0.02544,0.02653,0.00061,-0.02354,1.59312,-0.00000,-0.00000,1.45000,0.05197,
PFBFM,old_w_f,headhook,eyeLA/eyeRA,0.00055,0.06272,1.58702,-0.02544,0.02653,0.00061,-0.02354,1.59312,-0.00000,-0.00000,1.45000,0.05197,
PFBGM,old_w_f,headhook,eyeLA/eyeRA,0.00055,0.06272,1.58702,-0.02544,0.02653,0.00061,-0.02354,1.59312,-0.00000,-0.00000,1.45000,0.05197,
PFBHM,old_w_f,headhook,eyeLA/eyeRA,0.00055,0.06272,1.58702,-0.02544,0.02653,0.00061,-0.02354,1.59312,-0.00000,-0.00000,1.45000,0.05197,
PFBIM,old_w_f,headhook,eyeLA/eyeRA,-0.00005,0.08265,1.58630,-0.02604,0.02594,-0.00227,0.14453,1.58149,-0.00060,0.01993,1.44928,0.05197,
PFBKM,old_w_f,headhook,eyeLA/eyeRA,0.00210,0.06318,1.58702,-0.02388,0.02809,0.00217,0.13053,1.59312,0.00156,0.00046,1.45000,0.05197,
PFBMM,old_w_f,headhook,eyeLA/eyeRA,-0.00223,0.06463,1.58630,-0.02822,0.02376,-0.00227,0.14453,1.58149,-0.00278,0.00191,1.44928,0.05197,
PFBNM,old_w_f,headhook,eyeLA/eyeRA,-0.00005,0.08265,1.58630,-0.02604,0.02594,-0.00227,0.14453,1.58149,-0.00060,0.01993,1.44928,0.05197,
N_CommF,old_b_f,headhook,eyeLA/eyeRA,0.00000,0.06589,1.59133,-0.02528,0.02528,0.00061,0.00184,1.55492,-0.00000,-0.00000,1.45000,0.05056,
PFBCM,old_b_f,headhook,eyeLA/eyeRA,0.00000,0.06589,1.59133,-0.02528,0.02528,0.00061,-0.02354,1.59312,-0.00000,-0.00000,1.45000,0.05056,
PFBDM,old_b_f,headhook,eyeLA/eyeRA,0.00000,0.06589,1.59133,-0.02528,0.02528,0.00061,-0.02354,1.59312,-0.00000,-0.00000,1.45000,0.05056,
PFBEM,old_b_f,headhook,eyeLA/eyeRA,0.00000,0.06589,1.59133,-0.02528,0.02528,0.00061,-0.02354,1.59312,-0.00000,-0.00000,1.45000,0.05056,
PFBFM,old_b_f,headhook,eyeLA/eyeRA,0.00000,0.06589,1.59133,-0.02528,0.02528,0.00061,-0.02354,1.59312,-0.00000,-0.00000,1.45000,0.05056,
PFBGM,old_b_f,headhook,eyeLA/eyeRA,0.00000,0.06589,1.59133,-0.02528,0.02528,0.00061,-0.02354,1.59312,-0.00000,-0.00000,1.45000,0.05056,
PFBHM,old_b_f,headhook,eyeLA/eyeRA,0.00000,0.06589,1.59133,-0.02528,0.02528,0.00061,-0.02354,1.59312,-0.00000,-0.00000,1.45000,0.05056,
PFBIM,old_b_f,headhook,eyeLA/eyeRA,-0.00060,0.08582,1.59061,-0.02588,0.02468,-0.00227,0.14453,1.58149,-0.00060,0.01993,1.44928,0.05056,
PFBKM,old_b_f,headhook,eyeLA/eyeRA,0.00156,0.06635,1.59133,-0.02372,0.02684,0.00217,0.13053,1.59312,0.00156,0.00046,1.45000,0.05056,
PFBMM,old_b_f,headhook,eyeLA/eyeRA,-0.00278,0.06780,1.59061,-0.02806,0.02250,-0.00227,0.14453,1.58149,-0.00278,0.00191,1.44928,0.05056,
PFBNM,old_b_f,headhook,eyeLA/eyeRA,-0.00060,0.08582,1.59061,-0.02588,0.02468,-0.00227,0.14453,1.58149,-0.00060,0.01993,1.44928,0.05056,
N_CommM,comm_w_m,headhook,eyeLA/eyeRA,-0.00047,0.09052,1.69527,-0.03012,0.02917,0.00029,0.02068,1.63392,0.00000,-0.00000,1.55000,0.05929,
PMBCM,comm_w_m,headhook,eyeLA/eyeRA,-0.00047,0.07248,1.67023,-0.03012,0.02917,0.00029,0.02068,1.63392,0.00000,-0.01804,1.52496,0.05929,
PMBDM,comm_w_m,headhook,eyeLA/eyeRA,-0.00047,0.07248,1.67023,-0.03012,0.02917,0.00029,0.02068,1.63392,0.00000,-0.01804,1.52496,0.05929,
PMBEM,comm_w_m,headhook,eyeLA/eyeRA,-0.00047,0.07248,1.67023,-0.03012,0.02917,0.00029,0.02068,1.63392,0.00000,-0.01804,1.52496,0.05929,
PMBFM,comm_w_m,headhook,eyeLA/eyeRA,-0.00047,0.07248,1.67036,-0.03012,0.02917,0.00029,0.02068,1.63392,0.00000,-0.01804,1.52509,0.05929,
PMBGM,comm_w_m,headhook,eyeLA/eyeRA,-0.00047,0.07248,1.67023,-0.03012,0.02917,0.00029,0.02068,1.63392,0.00000,-0.01804,1.52496,0.05929,
PMBHM,comm_w_m,headhook,eyeLA/eyeRA,-0.00039,0.07248,1.67023,-0.03004,0.02925,0.00029,0.02068,1.63392,0.00008,-0.01804,1.52496,0.05929,
PMBIM,comm_w_m,headhook,eyeLA/eyeRA,-0.00047,0.07075,1.69467,-0.03012,0.02917,0.00029,0.09728,1.64929,0.00000,-0.01977,1.54940,0.05929,
PMBKM,comm_w_m,headhook,eyeLA/eyeRA,-0.00047,0.09052,1.69527,-0.03012,0.02917,0.00029,0.15735,1.71264,0.00000,-0.00000,1.55000,0.05929,
PMBMM,comm_w_m,headhook,eyeLA/eyeRA,-0.00047,0.07175,1.66886,-0.03012,0.02917,0.00029,0.09728,1.64929,0.00000,-0.01877,1.52359,0.05929,
PMBNM,comm_w_m,headhook,eyeLA/eyeRA,-0.00047,0.08087,1.69027,-0.03012,0.02917,0.00029,0.09728,1.64929,0.00000,-0.00965,1.54500,0.05929,
N_CommM,comm_b_m,headhook,eyeLA/eyeRA,0.00055,0.08603,1.68874,-0.02952,0.03061,0.00029,0.02068,1.63392,0.00000,-0.00000,1.55000,0.06013,
PMBCM,comm_b_m,headhook,eyeLA/eyeRA,0.00055,0.06799,1.66370,-0.02952,0.03061,0.00029,0.02068,1.63392,0.00000,-0.01804,1.52496,0.06013,
PMBDM,comm_b_m,headhook,eyeLA/eyeRA,0.00055,0.06799,1.66370,-0.02952,0.03061,0.00029,0.02068,1.63392,0.00000,-0.01804,1.52496,0.06013,
PMBEM,comm_b_m,headhook,eyeLA/eyeRA,0.00055,0.06799,1.66370,-0.02952,0.03061,0.00029,0.02068,1.63392,0.00000,-0.01804,1.52496,0.06013,
PMBFM,comm_b_m,headhook,eyeLA/eyeRA,0.00055,0.06799,1.66383,-0.02952,0.03061,0.00029,0.02068,1.63392,0.00000,-0.01804,1.52509,0.06013,
PMBGM,comm_b_m,headhook,eyeLA/eyeRA,0.00055,0.06799,1.66370,-0.02952,0.03061,0.00029,0.02068,1.63392,0.00000,-0.01804,1.52496,0.06013,
PMBHM,comm_b_m,headhook,eyeLA/eyeRA,0.00062,0.06799,1.66370,-0.02944,0.03069,0.00029,0.02068,1.63392,0.00008,-0.01804,1.52496,0.06013,
PMBIM,comm_b_m,headhook,eyeLA/eyeRA,0.00055,0.06626,1.68814,-0.02952,0.03061,0.00029,0.09728,1.64929,0.00000,-0.01977,1.54940,0.06013,
PMBKM,comm_b_m,headhook,eyeLA/eyeRA,0.00055,0.08603,1.68874,-0.02952,0.03061,0.00029,0.15735,1.71264,0.00000,-0.00000,1.55000,0.06013,
PMBMM,comm_b_m,headhook,eyeLA/eyeRA,0.00055,0.06726,1.66234,-0.02952,0.03061,0.00029,0.09728,1.64929,0.00000,-0.01877,1.52359,0.06013,
PMBNM,comm_b_m,headhook,eyeLA/eyeRA,0.00055,0.07638,1.68374,-0.02952,0.03061,0.00029,0.09728,1.64929,0.00000,-0.00965,1.54500,0.06013,
N_CommM,old_a_m,headhook,eyeLA/eyeRA,-0.00072,0.08943,1.69166,-0.02915,0.02771,0.00029,0.02068,1.63392,0.00000,-0.00000,1.55000,0.05686,
PMBCM,old_a_m,headhook,eyeLA/eyeRA,-0.00072,0.07139,1.66662,-0.02915,0.02771,0.00029,0.02068,1.63392,0.00000,-0.01804,1.52496,0.05686,
PMBDM,old_a_m,headhook,eyeLA/eyeRA,-0.00072,0.07139,1.66662,-0.02915,0.02771,0.00029,0.02068,1.63392,0.00000,-0.01804,1.52496,0.05686,
PMBEM,old_a_m,headhook,eyeLA/eyeRA,-0.00072,0.07139,1.66662,-0.02915,0.02771,0.00029,0.02068,1.63392,0.00000,-0.01804,1.52496,0.05686,
PMBFM,old_a_m,headhook,eyeLA/eyeRA,-0.00072,0.07139,1.66675,-0.02915,0.02771,0.00029,0.02068,1.63392,0.00000,-0.01804,1.52509,0.05686,
PMBGM,old_a_m,headhook,eyeLA/eyeRA,-0.00072,0.07139,1.66662,-0.02915,0.02771,0.00029,0.02068,1.63392,0.00000,-0.01804,1.52496,0.05686,
PMBHM,old_a_m,headhook,eyeLA/eyeRA,-0.00064,0.07139,1.66662,-0.02907,0.02779,0.00029,0.02068,1.63392,0.00008,-0.01804,1.52496,0.05686,
PMBIM,old_a_m,headhook,eyeLA/eyeRA,-0.00072,0.06966,1.69106,-0.02915,0.02771,0.00029,0.09728,1.64929,0.00000,-0.01977,1.54940,0.05686,
PMBKM,old_a_m,headhook,eyeLA/eyeRA,-0.00072,0.08943,1.69166,-0.02915,0.02771,0.00029,0.15735,1.71264,0.00000,-0.00000,1.55000,0.05686,
PMBMM,old_a_m,headhook,eyeLA/eyeRA,-0.00072,0.07066,1.66525,-0.02915,0.02771,0.00029,0.09728,1.64929,0.00000,-0.01877,1.52359,0.05686,
PMBNM,old_a_m,headhook,eyeLA/eyeRA,-0.00072,0.07978,1.68666,-0.02915,0.02771,0.00029,0.09728,1.64929,0.00000,-0.00965,1.54500,0.05686,
N_CommM,old_w_m,headhook,eyeLA/eyeRA,-0.00047,0.09027,1.69579,-0.03012,0.02917,0.00029,0.02068,1.63392,0.00000,-0.00000,1.55000,0.05929,
PMBCM,old_w_m,headhook,eyeLA/eyeRA,-0.00047,0.07223,1.67075,-0.03012,0.02917,0.00029,0.02068,1.63392,0.00000,-0.01804,1.52496,0.05929,
PMBDM,old_w_m,headhook,eyeLA/eyeRA,-0.00047,0.07223,1.67075,-0.03012,0.02917,0.00029,0.02068,1.63392,0.00000,-0.01804,1.52496,0.05929,
PMBEM,old_w_m,headhook,eyeLA/eyeRA,-0.00047,0.07223,1.67075,-0.03012,0.02917,0.00029,0.02068,1.63392,0.00000,-0.01804,1.52496,0.05929,
PMBFM,old_w_m,headhook,eyeLA/eyeRA,-0.00047,0.07223,1.67089,-0.03012,0.02917,0.00029,0.02068,1.63392,0.00000,-0.01804,1.52509,0.05929,
PMBGM,old_w_m,headhook,eyeLA/eyeRA,-0.00047,0.07223,1.67075,-0.03012,0.02917,0.00029,0.02068,1.63392,0.00000,-0.01804,1.52496,0.05929,
PMBHM,old_w_m,headhook,eyeLA/eyeRA,-0.00039,0.07223,1.67075,-0.03004,0.02925,0.00029,0.02068,1.63392,0.00008,-0.01804,1.52496,0.05929,
PMBIM,old_w_m,headhook,eyeLA/eyeRA,-0.00047,0.07050,1.69520,-0.03012,0.02917,0.00029,0.09728,1.64929,0.00000,-0.01977,1.54940,0.05929,
PMBKM,old_w_m,headhook,eyeLA/eyeRA,-0.00047,0.09027,1.69579,-0.03012,0.02917,0.00029,0.15735,1.71264,0.00000,-0.00000,1.55000,0.05929,
PMBMM,old_w_m,headhook,eyeLA/eyeRA,-0.00047,0.07150,1.66939,-0.03012,0.02917,0.00029,0.09728,1.64929,0.00000,-0.01877,1.52359,0.05929,
PMBNM,old_w_m,headhook,eyeLA/eyeRA,-0.00047,0.08062,1.69080,-0.03012,0.02917,0.00029,0.09728,1.64929,0.00000,-0.00965,1.54500,0.05929,
N_CommM,old_b_m,headhook,eyeLA/eyeRA,0.00000,0.09000,1.69000,-0.03000,0.03000,0.00029,0.02068,1.63392,0.00000,-0.00000,1.55000,0.06000,
PMBCM,old_b_m,headhook,eyeLA/eyeRA,0.00000,0.07196,1.66496,-0.03000,0.03000,0.00029,0.02068,1.63392,0.00000,-0.01804,1.52496,0.06000,
PMBDM,old_b_m,headhook,eyeLA/eyeRA,0.00000,0.07196,1.66496,-0.03000,0.03000,0.00029,0.02068,1.63392,0.00000,-0.01804,1.52496,0.06000,
PMBEM,old_b_m,headhook,eyeLA/eyeRA,0.00000,0.07196,1.66496,-0.03000,0.03000,0.00029,0.02068,1.63392,0.00000,-0.01804,1.52496,0.06000,
PMBFM,old_b_m,headhook,eyeLA/eyeRA,0.00000,0.07196,1.66509,-0.03000,0.03000,0.00029,0.02068,1.63392,0.00000,-0.01804,1.52509,0.06000,
PMBGM,old_b_m,headhook,eyeLA/eyeRA,0.00000,0.07196,1.66496,-0.03000,0.03000,0.00029,0.02068,1.63392,0.00000,-0.01804,1.52496,0.06000,
PMBHM,old_b_m,headhook,eyeLA/eyeRA,0.00008,0.07196,1.66496,-0.02992,0.03008,0.00029,0.02068,1.63392,0.00008,-0.01804,1.52496,0.06000,
PMBIM,old_b_m,headhook,eyeLA/eyeRA,0.00000,0.07023,1.68940,-0.03000,0.03000,0.00029,0.09728,1.64929,0.00000,-0.01977,1.54940,0.06000,
PMBKM,old_b_m,headhook,eyeLA/eyeRA,0.00000,0.09000,1.69000,-0.03000,0.03000,0.00029,0.15735,1.71264,0.00000,-0.00000,1.55000,0.06000,
PMBMM,old_b_m,headhook,eyeLA/eyeRA,0.00000,0.07123,1.66359,-0.03000,0.03000,0.00029,0.09728,1.64929,0.00000,-0.01877,1.52359,0.06000,
PMBNM,old_b_m,headhook,eyeLA/eyeRA,0.00000,0.08035,1.68500,-0.03000,0.03000,0.00029,0.09728,1.64929,0.00000,-0.00965,1.54500,0.06000,
N_CzerkaOff,comm_w_m,headhook,eyeLA/eyeRA,-0.00047,0.09052,1.69527,-0.03012,0.02917,0.00029,0.02068,1.63392,0.00000,-0.00000,1.55000,0.05929,
N_CzerkaOff,comm_b_m,headhook,eyeLA/eyeRA,0.00055,0.08603,1.68874,-0.02952,0.03061,0.00029,0.02068,1.63392,0.00000,-0.00000,1.55000,0.06013,
N_CzerkaOff,old_a_m,headhook,eyeLA/eyeRA,-0.00072,0.08943,1.69166,-0.02915,0.02771,0.00029,0.02068,1.63392,0.00000,-0.00000,1.55000,0.05686,
N_CzerkaOff,old_w_m,headhook,eyeLA/eyeRA,-0.00047,0.09027,1.69579,-0.03012,0.02917,0.00029,0.02068,1.63392,0.00000,-0.00000,1.55000,0.05929,
N_CzerkaOff,old_b_m,headhook,eyeLA/eyeRA,0.00000,0.09000,1.69000,-0.03000,0.03000,0.00029,0.02068,1.63392,0.00000,-0.00000,1.55000,0.06000,
N_JediCounF,PFHC02,headhook,eyeLA/eyeRA,0.00071,0.05743,1.59478,-0.02477,0.02620,0.00061,-0.02354,1.59312,-0.00000,-0.00000,1.45000,0.05097,
N_JediCounF,PFHC03,headhook,eyeLA/eyeRA,0.00005,0.05855,1.58943,-0.02700,0.02709,0.00061,-0.02354,1.59312,-0.00000,-0.00000,1.45000,0.05409,
N_JediCounF,PFHC04,headhook,eyeLA/eyeRA,0.00059,0.06351,1.59163,-0.02661,0.02779,0.00061,-0.02354,1.59312,-0.00000,-0.00000,1.45000,0.05440,
N_JediCounF,PFHC05,headhook,eyeLA/eyeRA,-0.00011,0.05854,1.59101,-0.02795,0.02773,0.00061,-0.02354,1.59312,-0.00000,-0.00000,1.45000,0.05568,
N_JediCounF,PFHA01,headhook,eyeLA/eyeRA,0.00029,0.05950,1.59456,-0.02548,0.02606,0.00061,-0.02354,1.59312,-0.00000,-0.00000,1.45000,0.05155,
N_JediCounF,PFHA06,headhook,eyeLA/eyeRA,0.00073,0.06146,1.58992,-0.02964,0.03110,0.00061,-0.02354,1.59312,-0.00000,-0.00000,1.45000,0.06074,
N_JediCounF,PFHA03,headhook,eyeLA/eyeRA,-0.00014,0.05984,1.59483,-0.03197,0.03169,0.00061,-0.02354,1.59312,-0.00000,-0.00000,1.45000,0.06366,
N_JediCounF,PFHA04,headhook,eyeLA/eyeRA,-0.00000,0.06000,1.59000,-0.03000,0.03000,0.00061,-0.02354,1.59312,-0.00000,-0.00000,1.45000,0.06000,
N_JediCounF,PFHA05,headhook,eyeLA/eyeRA,0.00190,0.05792,1.58580,-0.02674,0.03053,0.00061,-0.02354,1.59312,-0.00000,-0.00000,1.45000,0.05727,
N_JediCounF,PFHB01,headhook,eyeLA/eyeRA,-0.00003,0.06414,1.58915,-0.02810,0.02803,0.00061,-0.02354,1.59312,-0.00000,-0.00000,1.45000,0.05613,
N_JediCounF,PFHB02,headhook,eyeLA/eyeRA,-0.00000,0.06000,1.59000,-0.03000,0.03000,0.00061,-0.02354,1.59312,-0.00000,-0.00000,1.45000,0.06000,
N_JediCounF,PFHB03,headhook,eyeLA/eyeRA,-0.00000,0.06000,1.58717,-0.03000,0.03000,0.00061,-0.02354,1.59312,-0.00000,-0.00000,1.45000,0.06000,
N_JediCounF,PFHB04,headhook,eyeLA/eyeRA,0.00023,0.06549,1.59091,-0.02897,0.02943,0.00061,-0.02354,1.59312,-0.00000,-0.00000,1.45000,0.05840,
N_JediCounF,PFHB05,headhook,eyeLA/eyeRA,0.00060,0.06389,1.59161,-0.02874,0.02994,0.00061,-0.02354,1.59312,-0.00000,-0.00000,1.45000,0.05868,
N_JediCounF,PMHC06,headhook,eyeL/eyeR,-0.00000,0.07389,1.59523,-0.02633,0.02633,0.00061,-0.02354,1.59312,-0.00000,-0.00000,1.45000,0.05266,
N_JediCounM,PMHC06,headhook,eyeL/eyeR,-0.00000,0.07389,1.69523,-0.02633,0.02633,0.00029,0.02068,1.63392,0.00000,-0.00000,1.55000,0.05266,
N_JediCounF,PMHC03,headhook,eyeLA/eyeRA,-0.00009,0.08460,1.59544,-0.03012,0.02994,0.00061,-0.02354,1.59312,-0.00000,-0.00000,1.45000,0.06006,
N_JediCounM,PMHC03,headhook,eyeLA/eyeRA,-0.00009,0.08460,1.69543,-0.03012,0.02994,0.00029,0.02068,1.63392,0.00000,-0.00000,1.55000,0.06006,
N_JediCounF,PMHC04,headhook,eyeLA/eyeRA,-0.00000,0.08839,1.59581,-0.02985,0.02985,0.00061,-0.02354,1.59312,-0.00000,-0.00000,1.45000,0.05970,
N_JediCounM,PMHC04,headhook,eyeLA/eyeRA,0.00000,0.08839,1.69581,-0.02985,0.02985,0.00029,0.02068,1.63392,0.00000,-0.00000,1.55000,0.05970,
N_JediCounF,PMHC05,headhook,eyeLA/eyeRA,-0.00000,0.07298,1.59471,-0.02633,0.02633,0.00061,-0.02354,1.59312,-0.00000,-0.00000,1.45000,0.05266,
N_JediCounM,PMHC05,headhook,eyeLA/eyeRA,-0.00000,0.07298,1.69470,-0.02633,0.02633,0.00029,0.02068,1.63392,0.00000,-0.00000,1.55000,0.05266,
N_JediCounF,PMHA01,headhook,eyeLA/eyeRA,-0.00072,0.07011,1.59219,-0.02915,0.02771,0.00061,-0.02354,1.59312,-0.00000,-0.00000,1.45000,0.05686,
N_JediCounM,PMHA01,headhook,eyeLA/eyeRA,-0.00072,0.07011,1.69219,-0.02915,0.02771,0.00029,0.02068,1.63392,0.00000,-0.00000,1.55000,0.05686,
N_JediCounF,PMHA05,headhook,eyeLA/eyeRA,-0.00012,0.08559,1.59384,-0.02928,0.02904,0.00061,-0.02354,1.59312,-0.00000,-0.00000,1.45000,0.05832,
N_JediCounM,PMHA05,headhook,eyeLA/eyeRA,-0.00012,0.08559,1.69383,-0.02928,0.02904,0.00029,0.02068,1.63392,0.00000,-0.00000,1.55000,0.05832,
N_JediCounF,PMHA07,headhook,eyeLA/eyeRA,-0.00000,0.09000,1.59000,-0.03000,0.03000,0.00061,-0.02354,1.59312,-0.00000,-0.00000,1.45000,0.06000,
N_JediCounM,PMHA07,headhook,eyeLA/eyeRA,0.00000,0.09000,1.69000,-0.03000,0.03000,0.00029,0.02068,1.63392,0.00000,-0.00000,1.55000,0.06000,
N_JediCounF,PMHA06,headhook,eyeLA/eyeRA,-0.00000,0.08554,1.58664,-0.03069,0.03069,0.00061,-0.02354,1.59312,-0.00000,-0.00000,1.45000,0.06137,
N_JediCounM,PMHA06,headhook,eyeLA/eyeRA,0.00000,0.08554,1.68663,-0.03069,0.03069,0.00029,0.02068,1.63392,0.00000,-0.00000,1.55000,0.06137,
N_JediCounF,PMHA03,headhook,eyeLA/eyeRA,-0.00000,0.08725,1.59220,-0.03044,0.03044,0.00061,-0.02354,1.59312,-0.00000,-0.00000,1.45000,0.06088,
N_JediCounM,PMHA03,headhook,eyeLA/eyeRA,0.00000,0.08725,1.69219,-0.03044,0.03044,0.00029,0.02068,1.63392,0.00000,-0.00000,1.55000,0.06088,
N_JediCounF,PMHB06,headhook,eyeL/eyeR,0.00054,0.08527,1.58875,-0.02864,0.02973,0.00061,-0.02354,1.59312,-0.00000,-0.00000,1.45000,0.05837,
N_JediCounM,PMHB06,headhook,eyeL/eyeR,0.00055,0.08527,1.68874,-0.02864,0.02973,0.00029,0.02068,1.63392,0.00000,-0.00000,1.55000,0.05837,
N_JediCounF,PMHB08,headhook,eyeLA/eyeRA,-0.00000,0.08501,1.59751,-0.03046,0.03046,0.00061,-0.02354,1.59312,-0.00000,-0.00000,1.45000,0.06093,
N_JediCounM,PMHB08,headhook,eyeLA/eyeRA,0.00000,0.08501,1.69751,-0.03046,0.03046,0.00029,0.02068,1.63392,0.00000,-0.00000,1.55000,0.06093,
N_JediCounF,PMHB10,headhook,eyeLA/eyeRA,0.00031,0.08711,1.59781,-0.02849,0.02911,0.00061,-0.02354,1.59312,-0.00000,-0.00000,1.45000,0.05761,
N_JediCounM,PMHB10,headhook,eyeLA/eyeRA,0.00031,0.08711,1.69780,-0.02849,0.02912,0.00029,0.02068,1.63392,0.00000,-0.00000,1.55000,0.05761,
N_JediCounF,PMHB07,headhook,eyeLA/eyeRA,-0.00000,0.08640,1.60072,-0.02977,0.02977,0.00061,-0.02354,1.59312,-0.00000,-0.00000,1.45000,0.05954,
N_JediCounM,PMHB07,headhook,eyeLA/eyeRA,0.00000,0.08640,1.70071,-0.02977,0.02977,0.00029,0.02068,1.63392,0.00000,-0.00000,1.55000,0.05954,
N_JediCounF,PMHB09,headhook,eyeLA/eyeRA,-0.00022,0.07368,1.59334,-0.02804,0.02760,0.00061,-0.02354,1.59312,-0.00000,-0.00000,1.45000,0.05564,
N_JediCounM,PMHB09,headhook,eyeLA/eyeRA,-0.00022,0.07368,1.69334,-0.02804,0.02760,0.00029,0.02068,1.63392,0.00000,-0.00000,1.55000,0.05564,
N_CommF,twilek_f,headhook,eyeLA/eyeRA,-0.00000,0.05841,1.58912,-0.03010,0.03010,0.00061,0.00184,1.55492,-0.00000,-0.00000,1.45000,0.06020,
N_RepSold,comm_b_m,headhook,eyeLA/eyeRA,0.00055,0.08603,1.68874,-0.02952,0.03061,0.00029,0.02068,1.63392,0.00000,-0.00000,1.55000,0.06013,
N_RepSold,old_a_m,headhook,eyeLA/eyeRA,-0.00072,0.08943,1.69166,-0.02915,0.02771,0.00029,0.02068,1.63392,0.00000,-0.00000,1.55000,0.05686,
N_RepSold,old_w_m,headhook,eyeLA/eyeRA,-0.00047,0.09027,1.69579,-0.03012,0.02917,0.00029,0.02068,1.63392,0.00000,-0.00000,1.55000,0.05929,
N_RepSold,old_b_m,headhook,eyeLA/eyeRA,0.00000,0.09000,1.69000,-0.03000,0.03000,0.00029,0.02068,1.63392,0.00000,-0.00000,1.55000,0.06000,
N_RepOff,comm_b_m,headhook,eyeLA/eyeRA,0.00055,0.08603,1.68874,-0.02952,0.03061,0.00029,0.02068,1.63392,0.00000,-0.00000,1.55000,0.06013,
N_RepOff,old_a_m,headhook,eyeLA/eyeRA,-0.00072,0.08943,1.69166,-0.02915,0.02771,0.00029,0.02068,1.63392,0.00000,-0.00000,1.55000,0.05686,
N_RepOff,old_w_m,headhook,eyeLA/eyeRA,-0.00047,0.09027,1.69579,-0.03012,0.02917,0.00029,0.02068,1.63392,0.00000,-0.00000,1.55000,0.05929,
N_RepOff,old_b_m,headhook,eyeLA/eyeRA,0.00000,0.09000,1.69000,-0.03000,0.03000,0.00029,0.02068,1.63392,0.00000,-0.00000,1.55000,0.06000,
N_SithComF,comm_w_f,headhook,eyeLA/eyeRA,0.00055,0.06272,1.58702,-0.02544,0.02653,0.00061,0.03902,1.54373,-0.00000,-0.00000,1.45000,0.05197,
N_SithComF,comm_b_f,headhook,eyeLA/eyeRA,-0.00000,0.06963,1.59133,-0.03096,0.03096,0.00061,0.03902,1.54373,-0.00000,-0.00000,1.45000,0.06192,
N_SithComF,old_a_f,headhook,eyeLA/eyeRA,0.00055,0.06413,1.58911,-0.03018,0.03129,0.00061,0.03902,1.54373,-0.00000,-0.00000,1.45000,0.06147,
N_SithComF,old_w_f,headhook,eyeLA/eyeRA,0.00055,0.06272,1.58702,-0.02544,0.02653,0.00061,0.03902,1.54373,-0.00000,-0.00000,1.45000,0.05197,
N_SithComF,old_b_f,headhook,eyeLA/eyeRA,0.00000,0.06589,1.59133,-0.02528,0.02528,0.00061,0.03902,1.54373,-0.00000,-0.00000,1.45000,0.05056,
N_SithComM,comm_w_m,headhook,eyeLA/eyeRA,-0.00047,0.09052,1.69527,-0.03012,0.02917,0.00029,0.02068,1.63392,0.00000,-0.00000,1.55000,0.05929,
N_SithComM,comm_b_m,headhook,eyeLA/eyeRA,0.00055,0.08603,1.68874,-0.02952,0.03061,0.00029,0.02068,1.63392,0.00000,-0.00000,1.55000,0.06013,
N_SithComM,old_a_m,headhook,eyeLA/eyeRA,-0.00072,0.08943,1.69166,-0.02915,0.02771,0.00029,0.02068,1.63392,0.00000,-0.00000,1.55000,0.05686,
N_SithComM,old_w_m,headhook,eyeLA/eyeRA,-0.00047,0.09027,1.69579,-0.03012,0.02917,0.00029,0.02068,1.63392,0.00000,-0.00000,1.55000,0.05929,
N_SithComM,old_b_m,headhook,eyeLA/eyeRA,0.00000,0.09000,1.69000,-0.03000,0.03000,0.00029,0.02068,1.63392,0.00000,-0.00000,1.55000,0.06000,
N_SithComF,comm_a_f,headhook,eyeLA/eyeRA,0.00049,0.06437,1.58328,-0.02967,0.03065,0.00061,0.03902,1.54373,-0.00000,-0.00000,1.45000,0.06032,
N_SithComM,comm_a_m,headhook,eyeL/eyeR,-0.00072,0.08943,1.69166,-0.02915,0.02771,0.00029,0.02068,1.63392,0.00000,-0.00000,1.55000,0.05686,
N_JediCounM,old_w_m,headhook,eyeLA/eyeRA,-0.00047,0.09027,1.69579,-0.03012,0.02917,0.00029,0.02068,1.63392,0.00000,-0.00000,1.55000,0.05929,
N_JediCounM,old_a_m,headhook,eyeLA/eyeRA,-0.00072,0.08943,1.69166,-0.02915,0.02771,0.00029,0.02068,1.63392,0.00000,-0.00000,1.55000,0.05686,
N_JediCounM,old_b_m,headhook,eyeLA/eyeRA,0.00000,0.09000,1.69000,-0.03000,0.03000,0.00029,0.02068,1.63392,0.00000,-0.00000,1.55000,0.06000,
N_JediCounF,old_w_f,headhook,eyeLA/eyeRA,0.00055,0.06272,1.58702,-0.02544,0.02653,0.00061,-0.02354,1.59312,-0.00000,-0.00000,1.45000,0.05197,
N_JediCounF,old_a_f,headhook,eyeLA/eyeRA,0.00055,0.06413,1.58911,-0.03018,0.03129,0.00061,-0.02354,1.59312,-0.00000,-0.00000,1.45000,0.06147,
N_JediCounF,old_b_f,headhook,eyeLA/eyeRA,0.00000,0.06589,1.59133,-0.02528,0.02528,0.00061,-0.02354,1.59312,-0.00000,-0.00000,1.45000,0.05056,
N_RepSold,rep_soldier,headhook,eyeLA/eyeRA,-0.00047,0.08827,1.69527,-0.03012,0.02917,0.00029,0.02068,1.63392,0.00000,-0.00000,1.55000,0.05929,
N_RepSold,comm_b_f,headhook,eyeLA/eyeRA,-0.00000,0.06963,1.69133,-0.03096,0.03096,0.00029,0.02068,1.63392,0.00000,-0.00000,1.55000,0.06192,
N_RepSold_F,comm_b_f,headhook,eyeLA/eyeRA,-0.00000,0.06963,1.59133,-0.03096,0.03096,0.00061,-0.02354,1.59312,-0.00000,-0.00000,1.45000,0.06192,
N_RepSold,old_a_f,headhook,eyeLA/eyeRA,0.00056,0.06413,1.68910,-0.03018,0.03129,0.00029,0.02068,1.63392,0.00000,-0.00000,1.55000,0.06147,
N_RepSold_F,old_a_f,headhook,eyeLA/eyeRA,0.00055,0.06413,1.58911,-0.03018,0.03129,0.00061,-0.02354,1.59312,-0.00000,-0.00000,1.45000,0.06147,
N_RepSold,old_w_f,headhook,eyeLA/eyeRA,0.00055,0.06272,1.68701,-0.02544,0.02653,0.00029,0.02068,1.63392,0.00000,-0.00000,1.55000,0.05197,
N_RepSold_F,old_w_f,headhook,eyeLA/eyeRA,0.00055,0.06272,1.58702,-0.02544,0.02653,0.00061,-0.02354,1.59312,-0.00000,-0.00000,1.45000,0.05197,
N_RepSold,old_b_f,headhook,eyeLA/eyeRA,0.00000,0.06589,1.69133,-0.02528,0.02528,0.00029,0.02068,1.63392,0.00000,-0.00000,1.55000,0.05056,
N_RepSold_F,old_b_f,headhook,eyeLA/eyeRA,0.00000,0.06589,1.59133,-0.02528,0.02528,0.00061,-0.02354,1.59312,-0.00000,-0.00000,1.45000,0.05056,
N_RepOff,comm_b_f,headhook,eyeLA/eyeRA,-0.00000,0.06963,1.69133,-0.03096,0.03096,0.00029,0.02068,1.63392,0.00000,-0.00000,1.55000,0.06192,
N_RepOff_F,comm_b_f,headhook,eyeLA/eyeRA,-0.00000,0.06963,1.59133,-0.03096,0.03096,0.00061,-0.02354,1.59312,-0.00000,-0.00000,1.45000,0.06192,
N_RepOff,old_a_f,headhook,eyeLA/eyeRA,0.00056,0.06413,1.68910,-0.03018,0.03129,0.00029,0.02068,1.63392,0.00000,-0.00000,1.55000,0.06147,
N_RepOff_F,old_a_f,headhook,eyeLA/eyeRA,0.00055,0.06413,1.58911,-0.03018,0.03129,0.00061,-0.02354,1.59312,-0.00000,-0.00000,1.45000,0.06147,
N_RepOff,old_w_f,headhook,eyeLA/eyeRA,0.00055,0.06272,1.68701,-0.02544,0.02653,0.00029,0.02068,1.63392,0.00000,-0.00000,1.55000,0.05197,
N_RepOff_F,old_w_f,headhook,eyeLA/eyeRA,0.00055,0.06272,1.58702,-0.02544,0.02653,0.00061,-0.02354,1.59312,-0.00000,-0.00000,1.45000,0.05197,
N_RepOff,old_b_f,headhook,eyeLA/eyeRA,0.00000,0.06589,1.69133,-0.02528,0.02528,0.00029,0.02068,1.63392,0.00000,-0.00000,1.55000,0.05056,
N_RepOff_F,old_b_f,headhook,eyeLA/eyeRA,0.00000,0.06589,1.59133,-0.02528,0.02528,0.00061,-0.02354,1.59312,-0.00000,-0.00000,1.45000,0.05056,
N_RepSold,rep_soldier_f,headhook,eyeLA/eyeRA,0.00051,0.06121,1.68798,-0.02663,0.02764,0.00029,0.02068,1.63392,0.00000,-0.00000,1.55000,0.05428,
N_RepSold_F,rep_soldier_f,headhook,eyeLA/eyeRA,0.00050,0.06121,1.58799,-0.02663,0.02764,0.00061,-0.02354,1.59312,-0.00000,-0.00000,1.45000,0.05428,
N_RepOff,rep_off_f,headhook,eyeLA/eyeRA,0.00051,0.06210,1.69005,-0.02662,0.02765,0.00029,0.02068,1.63392,0.00000,-0.00000,1.55000,0.05428,
N_RepOff_F,rep_off_f,headhook,eyeLA/eyeRA,0.00051,0.06210,1.59006,-0.02663,0.02765,0.00061,-0.02354,1.59312,-0.00000,-0.00000,1.45000,0.05428,
N_DarthRevanM,N_DarthRevanH,headhook,,,,,,,,,,-0.00000,-0.03500,1.52496,,head has no eye nodes (masked face) -- use camerahook
N_DarthRevanF,N_DarthRevanH,headhook,,,,,,,,,,-0.00000,-0.00800,1.52854,,head has no eye nodes (masked face) -- use camerahook
P_BastilaBB02,P_BastilaH,headhook,,,,,,,,,,,,,,body model not found
PFBNM,P_BastilaH,headhook,eyeLA/eyeRA,-0.00060,0.07836,1.59449,-0.03174,0.03054,-0.00227,0.14453,1.58149,-0.00060,0.01993,1.44928,0.06228,
N_SithComM,twilek_m,headhook,eyeLA/eyeRA,0.00003,0.06926,1.69000,-0.02997,0.03003,0.00029,0.02068,1.63392,0.00000,-0.00000,1.55000,0.06000,
N_CzerkaOff,twilek_m,headhook,eyeLA/eyeRA,0.00003,0.06926,1.69000,-0.02997,0.03003,0.00029,0.02068,1.63392,0.00000,-0.00000,1.55000,0.06000,
N_RepSold,N_traskH,headhook,eyeLA/eyeRA,0.00000,0.08473,1.69219,-0.02915,0.02915,0.00029,0.02068,1.63392,0.00000,-0.00000,1.55000,0.05830,
PMBCM,N_traskH,headhook,eyeLA/eyeRA,0.00000,0.06669,1.66715,-0.02915,0.02915,0.00029,0.02068,1.63392,0.00000,-0.01804,1.52496,0.05830,
PMBDM,N_traskH,headhook,eyeLA/eyeRA,0.00000,0.06669,1.66715,-0.02915,0.02915,0.00029,0.02068,1.63392,0.00000,-0.01804,1.52496,0.05830,
PMBEM,N_traskH,headhook,eyeLA/eyeRA,0.00000,0.06669,1.66715,-0.02915,0.02915,0.00029,0.02068,1.63392,0.00000,-0.01804,1.52496,0.05830,
PMBFM,N_traskH,headhook,eyeLA/eyeRA,0.00000,0.06669,1.66728,-0.02915,0.02915,0.00029,0.02068,1.63392,0.00000,-0.01804,1.52509,0.05830,
PMBGM,N_traskH,headhook,eyeLA/eyeRA,0.00000,0.06669,1.66715,-0.02915,0.02915,0.00029,0.02068,1.63392,0.00000,-0.01804,1.52496,0.05830,
PMBHM,N_traskH,headhook,eyeLA/eyeRA,0.00008,0.06669,1.66715,-0.02907,0.02923,0.00029,0.02068,1.63392,0.00008,-0.01804,1.52496,0.05830,
PMBIM,N_traskH,headhook,eyeLA/eyeRA,0.00000,0.06496,1.69159,-0.02915,0.02915,0.00029,0.09728,1.64929,0.00000,-0.01977,1.54940,0.05830,
PMBKM,N_traskH,headhook,eyeLA/eyeRA,0.00000,0.08473,1.69219,-0.02915,0.02915,0.00029,0.15735,1.71264,0.00000,-0.00000,1.55000,0.05830,
PMBMM,N_traskH,headhook,eyeLA/eyeRA,0.00000,0.06596,1.66578,-0.02915,0.02915,0.00029,0.09728,1.64929,0.00000,-0.01877,1.52359,0.05830,
PMBNM,N_traskH,headhook,eyeLA/eyeRA,0.00000,0.07509,1.68719,-0.02915,0.02915,0.00029,0.09728,1.64929,0.00000,-0.00965,1.54500,0.05830,
N_JediCounM,twilek_m,headhook,eyeLA/eyeRA,0.00003,0.06926,1.69000,-0.02997,0.03003,0.00029,0.02068,1.63392,0.00000,-0.00000,1.55000,0.06000,
N_Smuggler,comm_b_m,headhook,eyeLA/eyeRA,0.00055,0.08603,1.68874,-0.02952,0.03061,0.00029,0.02068,1.63392,0.00000,-0.00000,1.55000,0.06013,
N_Smuggler,comm_a_m,headhook,eyeL/eyeR,-0.00072,0.08943,1.69166,-0.02915,0.02771,0.00029,0.02068,1.63392,0.00000,-0.00000,1.55000,0.05686,
N_CommM,N_GadonH,headhook,eyeLA/eyeRA,0.00000,0.08633,1.69581,-0.03085,0.03086,0.00029,0.02068,1.63392,0.00000,-0.00000,1.55000,0.06172,
PMBCM,N_GadonH,headhook,eyeLA/eyeRA,0.00000,0.06829,1.67077,-0.03085,0.03086,0.00029,0.02068,1.63392,0.00000,-0.01804,1.52496,0.06172,
PMBDM,N_GadonH,headhook,eyeLA/eyeRA,0.00000,0.06829,1.67077,-0.03085,0.03086,0.00029,0.02068,1.63392,0.00000,-0.01804,1.52496,0.06172,
PMBEM,N_GadonH,headhook,eyeLA/eyeRA,0.00000,0.06829,1.67077,-0.03085,0.03086,0.00029,0.02068,1.63392,0.00000,-0.01804,1.52496,0.06172,
PMBFM,N_GadonH,headhook,eyeLA/eyeRA,0.00000,0.06829,1.67090,-0.03085,0.03086,0.00029,0.02068,1.63392,0.00000,-0.01804,1.52509,0.06172,
PMBGM,N_GadonH,headhook,eyeLA/eyeRA,0.00000,0.06829,1.67077,-0.03085,0.03086,0.00029,0.02068,1.63392,0.00000,-0.01804,1.52496,0.06172,
PMBHM,N_GadonH,headhook,eyeLA/eyeRA,0.00008,0.06829,1.67077,-0.03078,0.03094,0.00029,0.02068,1.63392,0.00008,-0.01804,1.52496,0.06172,
PMBIM,N_GadonH,headhook,eyeLA/eyeRA,0.00000,0.06655,1.69522,-0.03085,0.03086,0.00029,0.09728,1.64929,0.00000,-0.01977,1.54940,0.06172,
PMBKM,N_GadonH,headhook,eyeLA/eyeRA,0.00000,0.08633,1.69581,-0.03085,0.03086,0.00029,0.15735,1.71264,0.00000,-0.00000,1.55000,0.06172,
PMBMM,N_GadonH,headhook,eyeLA/eyeRA,0.00000,0.06756,1.66941,-0.03085,0.03086,0.00029,0.09728,1.64929,0.00000,-0.01877,1.52359,0.06172,
PMBNM,N_GadonH,headhook,eyeLA/eyeRA,0.00000,0.07668,1.69081,-0.03085,0.03086,0.00029,0.09728,1.64929,0.00000,-0.00965,1.54500,0.06172,
N_CommKidFD,N_childFHD,headhook,eyeLA/eyeRA,0.00000,0.04356,1.37489,-0.02570,0.02570,0.00052,0.01017,1.35639,0.00000,-0.00860,1.23354,0.05140,
N_CommKidF,N_childFHD,headhook,eyeLA/eyeRA,0.00000,0.05216,1.37495,-0.02570,0.02570,0.00052,0.01017,1.35639,0.00000,-0.00000,1.23360,0.05140,
N_CommKidMD,N_child_MD,headhook,eyeLA/eyeRA,-0.00220,0.06811,1.33431,-0.03069,0.02629,-0.00097,0.00424,1.30246,-0.00097,0.00424,1.19659,0.05698,
N_CommKidM,N_child_MD,headhook,eyeLA/eyeRA,-0.00220,0.06811,1.32474,-0.03069,0.02629,-0.00097,0.00424,1.30246,-0.00097,0.00424,1.18702,0.05698,
N_CommM,N_DeadeyeH,headhook,eyeLA/eyeRA,0.00000,0.08945,1.69579,-0.03119,0.03119,0.00029,0.02068,1.63392,0.00000,-0.00000,1.55000,0.06238,
PMBCM,N_DeadeyeH,headhook,eyeLA/eyeRA,0.00000,0.07141,1.67075,-0.03119,0.03119,0.00029,0.02068,1.63392,0.00000,-0.01804,1.52496,0.06238,
PMBDM,N_DeadeyeH,headhook,eyeLA/eyeRA,0.00000,0.07141,1.67075,-0.03119,0.03119,0.00029,0.02068,1.63392,0.00000,-0.01804,1.52496,0.06238,
PMBEM,N_DeadeyeH,headhook,eyeLA/eyeRA,0.00000,0.07141,1.67075,-0.03119,0.03119,0.00029,0.02068,1.63392,0.00000,-0.01804,1.52496,0.06238,
PMBFM,N_DeadeyeH,headhook,eyeLA/eyeRA,0.00000,0.07141,1.67089,-0.03119,0.03119,0.00029,0.02068,1.63392,0.00000,-0.01804,1.52509,0.06238,
PMBGM,N_DeadeyeH,headhook,eyeLA/eyeRA,0.00000,0.07141,1.67075,-0.03119,0.03119,0.00029,0.02068,1.63392,0.00000,-0.01804,1.52496,0.06238,
PMBHM,N_DeadeyeH,headhook,eyeLA/eyeRA,0.00008,0.07141,1.67075,-0.03111,0.03127,0.00029,0.02068,1.63392,0.00008,-0.01804,1.52496,0.06238,
PMBIM,N_DeadeyeH,headhook,eyeLA/eyeRA,0.00000,0.06968,1.69520,-0.03119,0.03119,0.00029,0.09728,1.64929,0.00000,-0.01977,1.54940,0.06238,
PMBKM,N_DeadeyeH,headhook,eyeLA/eyeRA,0.00000,0.08945,1.69579,-0.03119,0.03119,0.00029,0.15735,1.71264,0.00000,-0.00000,1.55000,0.06238,
PMBMM,N_DeadeyeH,headhook,eyeLA/eyeRA,0.00000,0.07068,1.66939,-0.03119,0.03119,0.00029,0.09728,1.64929,0.00000,-0.01877,1.52359,0.06238,
PMBNM,N_DeadeyeH,headhook,eyeLA/eyeRA,0.00000,0.07980,1.69080,-0.03119,0.03119,0.00029,0.09728,1.64929,0.00000,-0.00965,1.54500,0.06238,
N_CommM,N_BrejikH,headhook,eyeLA/eyeRA,-0.00006,0.09018,1.69527,-0.03012,0.03000,0.00029,0.02068,1.63392,0.00000,-0.00000,1.55000,0.06012,
PMBCM,N_BrejikH,headhook,eyeLA/eyeRA,-0.00006,0.07214,1.67023,-0.03012,0.03000,0.00029,0.02068,1.63392,0.00000,-0.01804,1.52496,0.06012,
PMBDM,N_BrejikH,headhook,eyeLA/eyeRA,-0.00006,0.07214,1.67023,-0.03012,0.03000,0.00029,0.02068,1.63392,0.00000,-0.01804,1.52496,0.06012,
PMBEM,N_BrejikH,headhook,eyeLA/eyeRA,-0.00006,0.07214,1.67023,-0.03012,0.03000,0.00029,0.02068,1.63392,0.00000,-0.01804,1.52496,0.06012,
PMBFM,N_BrejikH,headhook,eyeLA/eyeRA,-0.00006,0.07214,1.67036,-0.03012,0.03000,0.00029,0.02068,1.63392,0.00000,-0.01804,1.52509,0.06012,
PMBGM,N_BrejikH,headhook,eyeLA/eyeRA,-0.00006,0.07214,1.67023,-0.03012,0.03000,0.00029,0.02068,1.63392,0.00000,-0.01804,1.52496,0.06012,
PMBHM,N_BrejikH,headhook,eyeLA/eyeRA,0.00002,0.07214,1.67023,-0.03004,0.03008,0.00029,0.02068,1.63392,0.00008,-0.01804,1.52496,0.06012,
PMBIM,N_BrejikH,headhook,eyeLA/eyeRA,-0.00006,0.07041,1.69467,-0.03012,0.03000,0.00029,0.09728,1.64929,0.00000,-0.01977,1.54940,0.06012,
PMBKM,N_BrejikH,headhook,eyeLA/eyeRA,-0.00006,0.09018,1.69527,-0.03012,0.03000,0.00029,0.15735,1.71264,0.00000,-0.00000,1.55000,0.06012,
PMBMM,N_BrejikH,headhook,eyeLA/eyeRA,-0.00006,0.07141,1.66886,-0.03012,0.03000,0.00029,0.09728,1.64929,0.00000,-0.01877,1.52359,0.06012,
PMBNM,N_BrejikH,headhook,eyeLA/eyeRA,-0.00006,0.08053,1.69027,-0.03012,0.03000,0.00029,0.09728,1.64929,0.00000,-0.00965,1.54500,0.06012,
N_CommM,N_GendarH,headhook,eyeLA/eyeRA,0.00055,0.08403,1.68821,-0.02864,0.02973,0.00029,0.02068,1.63392,0.00000,-0.00000,1.55000,0.05837,
PMBCM,N_GendarH,headhook,eyeLA/eyeRA,0.00055,0.06599,1.66317,-0.02864,0.02973,0.00029,0.02068,1.63392,0.00000,-0.01804,1.52496,0.05837,
PMBDM,N_GendarH,headhook,eyeLA/eyeRA,0.00055,0.06599,1.66317,-0.02864,0.02973,0.00029,0.02068,1.63392,0.00000,-0.01804,1.52496,0.05837,
PMBEM,N_GendarH,headhook,eyeLA/eyeRA,0.00055,0.06599,1.66317,-0.02864,0.02973,0.00029,0.02068,1.63392,0.00000,-0.01804,1.52496,0.05837,
PMBFM,N_GendarH,headhook,eyeLA/eyeRA,0.00055,0.06599,1.66330,-0.02864,0.02973,0.00029,0.02068,1.63392,0.00000,-0.01804,1.52509,0.05837,
PMBGM,N_GendarH,headhook,eyeLA/eyeRA,0.00055,0.06599,1.66317,-0.02864,0.02973,0.00029,0.02068,1.63392,0.00000,-0.01804,1.52496,0.05837,
PMBHM,N_GendarH,headhook,eyeLA/eyeRA,0.00062,0.06599,1.66317,-0.02856,0.02981,0.00029,0.02068,1.63392,0.00008,-0.01804,1.52496,0.05837,
PMBIM,N_GendarH,headhook,eyeLA/eyeRA,0.00055,0.06426,1.68761,-0.02864,0.02973,0.00029,0.09728,1.64929,0.00000,-0.01977,1.54940,0.05837,
PMBKM,N_GendarH,headhook,eyeLA/eyeRA,0.00055,0.08403,1.68821,-0.02864,0.02973,0.00029,0.15735,1.71264,0.00000,-0.00000,1.55000,0.05837,
PMBMM,N_GendarH,headhook,eyeLA/eyeRA,0.00055,0.06526,1.66181,-0.02864,0.02973,0.00029,0.09728,1.64929,0.00000,-0.01877,1.52359,0.05837,
PMBNM,N_GendarH,headhook,eyeLA/eyeRA,0.00055,0.07438,1.68321,-0.02864,0.02973,0.00029,0.09728,1.64929,0.00000,-0.00965,1.54500,0.05837,
N_SithComM,N_UtharH,headhook,eyeLA/eyeRA,0.00017,0.07703,1.69831,-0.02781,0.02815,0.00029,0.02068,1.63392,0.00000,-0.00000,1.55000,0.05597,
N_CommM,twilek_m,headhook,eyeLA/eyeRA,0.00003,0.06926,1.69000,-0.02997,0.03003,0.00029,0.02068,1.63392,0.00000,-0.00000,1.55000,0.06000,
N_CzerkaOff,czerka_com_h,headhook,eyeL/eyeR,-0.00047,0.08827,1.69527,-0.03012,0.02917,0.00029,0.02068,1.63392,0.00000,-0.00000,1.55000,0.05929,
N_CommF,N_TatComA_F,headhook,eyeLA/eyeRA,-0.00130,0.06394,1.59042,-0.02959,0.02699,0.00061,0.00184,1.55492,-0.00000,-0.00000,1.45000,0.05657,
N_CommM,N_TatComA_M,headhook,eyeL/eyeR,-0.00072,0.08943,1.69166,-0.02915,0.02771,0.00029,0.02068,1.63392,0.00000,-0.00000,1.55000,0.05686,
PMBCM,N_TatComA_M,headhook,eyeL/eyeR,-0.00072,0.07139,1.66662,-0.02915,0.02771,0.00029,0.02068,1.63392,0.00000,-0.01804,1.52496,0.05686,
PMBDM,N_TatComA_M,headhook,eyeL/eyeR,-0.00072,0.07139,1.66662,-0.02915,0.02771,0.00029,0.02068,1.63392,0.00000,-0.01804,1.52496,0.05686,
PMBEM,N_TatComA_M,headhook,eyeL/eyeR,-0.00072,0.07139,1.66662,-0.02915,0.02771,0.00029,0.02068,1.63392,0.00000,-0.01804,1.52496,0.05686,
PMBFM,N_TatComA_M,headhook,eyeL/eyeR,-0.00072,0.07139,1.66675,-0.02915,0.02771,0.00029,0.02068,1.63392,0.00000,-0.01804,1.52509,0.05686,
PMBGM,N_TatComA_M,headhook,eyeL/eyeR,-0.00072,0.07139,1.66662,-0.02915,0.02771,0.00029,0.02068,1.63392,0.00000,-0.01804,1.52496,0.05686,
PMBHM,N_TatComA_M,headhook,eyeL/eyeR,-0.00064,0.07139,1.66662,-0.02907,0.02779,0.00029,0.02068,1.63392,0.00008,-0.01804,1.52496,0.05686,
PMBIM,N_TatComA_M,headhook,eyeL/eyeR,-0.00072,0.06966,1.69106,-0.02915,0.02771,0.00029,0.09728,1.64929,0.00000,-0.01977,1.54940,0.05686,
PMBKM,N_TatComA_M,headhook,eyeL/eyeR,-0.00072,0.08943,1.69166,-0.02915,0.02771,0.00029,0.15735,1.71264,0.00000,-0.00000,1.55000,0.05686,
PMBMM,N_TatComA_M,headhook,eyeL/eyeR,-0.00072,0.07066,1.66525,-0.02915,0.02771,0.00029,0.09728,1.64929,0.00000,-0.01877,1.52359,0.05686,
PMBNM,N_TatComA_M,headhook,eyeL/eyeR,-0.00072,0.07978,1.68666,-0.02915,0.02771,0.00029,0.09728,1.64929,0.00000,-0.00965,1.54500,0.05686,
PFBCM,N_TatComA_F,headhook,eyeLA/eyeRA,-0.00130,0.06394,1.59042,-0.02959,0.02699,0.00061,-0.02354,1.59312,-0.00000,-0.00000,1.45000,0.05657,
PFBDM,N_TatComA_F,headhook,eyeLA/eyeRA,-0.00130,0.06394,1.59042,-0.02959,0.02699,0.00061,-0.02354,1.59312,-0.00000,-0.00000,1.45000,0.05657,
PFBEM,N_TatComA_F,headhook,eyeLA/eyeRA,-0.00130,0.06394,1.59042,-0.02959,0.02699,0.00061,-0.02354,1.59312,-0.00000,-0.00000,1.45000,0.05657,
PFBFM,N_TatComA_F,headhook,eyeLA/eyeRA,-0.00130,0.06394,1.59042,-0.02959,0.02699,0.00061,-0.02354,1.59312,-0.00000,-0.00000,1.45000,0.05657,
PFBGM,N_TatComA_F,headhook,eyeLA/eyeRA,-0.00130,0.06394,1.59042,-0.02959,0.02699,0.00061,-0.02354,1.59312,-0.00000,-0.00000,1.45000,0.05657,
PFBHM,N_TatComA_F,headhook,eyeLA/eyeRA,-0.00130,0.06394,1.59042,-0.02959,0.02699,0.00061,-0.02354,1.59312,-0.00000,-0.00000,1.45000,0.05657,
PFBIM,N_TatComA_F,headhook,eyeLA/eyeRA,-0.00190,0.08387,1.58970,-0.03018,0.02639,-0.00227,0.14453,1.58149,-0.00060,0.01993,1.44928,0.05657,
PFBKM,N_TatComA_F,headhook,eyeLA/eyeRA,0.00026,0.06439,1.59042,-0.02803,0.02854,0.00217,0.13053,1.59312,0.00156,0.00046,1.45000,0.05657,
PFBMM,N_TatComA_F,headhook,eyeLA/eyeRA,-0.00408,0.06585,1.58970,-0.03236,0.02421,-0.00227,0.14453,1.58149,-0.00278,0.00191,1.44928,0.05657,
PFBNM,N_TatComA_F,headhook,eyeLA/eyeRA,-0.00190,0.08387,1.58970,-0.03018,0.02639,-0.00227,0.14453,1.58149,-0.00060,0.01993,1.44928,0.05657,
N_CommM,N_TatComW_M,headhook,eyeLA/eyeRA,-0.00047,0.09052,1.69527,-0.03012,0.02917,0.00029,0.02068,1.63392,0.00000,-0.00000,1.55000,0.05929,
PMBCM,N_TatComW_M,headhook,eyeLA/eyeRA,-0.00047,0.07248,1.67023,-0.03012,0.02917,0.00029,0.02068,1.63392,0.00000,-0.01804,1.52496,0.05929,
PMBDM,N_TatComW_M,headhook,eyeLA/eyeRA,-0.00047,0.07248,1.67023,-0.03012,0.02917,0.00029,0.02068,1.63392,0.00000,-0.01804,1.52496,0.05929,
PMBEM,N_TatComW_M,headhook,eyeLA/eyeRA,-0.00047,0.07248,1.67023,-0.03012,0.02917,0.00029,0.02068,1.63392,0.00000,-0.01804,1.52496,0.05929,
PMBFM,N_TatComW_M,headhook,eyeLA/eyeRA,-0.00047,0.07248,1.67036,-0.03012,0.02917,0.00029,0.02068,1.63392,0.00000,-0.01804,1.52509,0.05929,
PMBGM,N_TatComW_M,headhook,eyeLA/eyeRA,-0.00047,0.07248,1.67023,-0.03012,0.02917,0.00029,0.02068,1.63392,0.00000,-0.01804,1.52496,0.05929,
PMBHM,N_TatComW_M,headhook,eyeLA/eyeRA,-0.00039,0.07248,1.67023,-0.03004,0.02925,0.00029,0.02068,1.63392,0.00008,-0.01804,1.52496,0.05929,
PMBIM,N_TatComW_M,headhook,eyeLA/eyeRA,-0.00047,0.07075,1.69467,-0.03012,0.02917,0.00029,0.09728,1.64929,0.00000,-0.01977,1.54940,0.05929,
PMBKM,N_TatComW_M,headhook,eyeLA/eyeRA,-0.00047,0.09052,1.69527,-0.03012,0.02917,0.00029,0.15735,1.71264,0.00000,-0.00000,1.55000,0.05929,
PMBMM,N_TatComW_M,headhook,eyeLA/eyeRA,-0.00047,0.07175,1.66886,-0.03012,0.02917,0.00029,0.09728,1.64929,0.00000,-0.01877,1.52359,0.05929,
PMBNM,N_TatComW_M,headhook,eyeLA/eyeRA,-0.00047,0.08087,1.69027,-0.03012,0.02917,0.00029,0.09728,1.64929,0.00000,-0.00965,1.54500,0.05929,
N_CommF,N_TatComW_F,headhook,eyeLA/eyeRA,0.00049,0.06437,1.58328,-0.02967,0.03065,0.00061,0.00184,1.55492,-0.00000,-0.00000,1.45000,0.06032,
PFBCM,N_TatComW_F,headhook,eyeLA/eyeRA,0.00049,0.06437,1.58328,-0.02967,0.03065,0.00061,-0.02354,1.59312,-0.00000,-0.00000,1.45000,0.06032,
PFBDM,N_TatComW_F,headhook,eyeLA/eyeRA,0.00049,0.06437,1.58328,-0.02967,0.03065,0.00061,-0.02354,1.59312,-0.00000,-0.00000,1.45000,0.06032,
PFBEM,N_TatComW_F,headhook,eyeLA/eyeRA,0.00049,0.06437,1.58328,-0.02967,0.03065,0.00061,-0.02354,1.59312,-0.00000,-0.00000,1.45000,0.06032,
PFBFM,N_TatComW_F,headhook,eyeLA/eyeRA,0.00049,0.06437,1.58328,-0.02967,0.03065,0.00061,-0.02354,1.59312,-0.00000,-0.00000,1.45000,0.06032,
PFBGM,N_TatComW_F,headhook,eyeLA/eyeRA,0.00049,0.06437,1.58328,-0.02967,0.03065,0.00061,-0.02354,1.59312,-0.00000,-0.00000,1.45000,0.06032,
PFBHM,N_TatComW_F,headhook,eyeLA/eyeRA,0.00049,0.06437,1.58328,-0.02967,0.03065,0.00061,-0.02354,1.59312,-0.00000,-0.00000,1.45000,0.06032,
PFBIM,N_TatComW_F,headhook,eyeLA/eyeRA,-0.00011,0.08430,1.58256,-0.03027,0.03005,-0.00227,0.14453,1.58149,-0.00060,0.01993,1.44928,0.06032,
PFBKM,N_TatComW_F,headhook,eyeLA/eyeRA,0.00205,0.06483,1.58328,-0.02811,0.03221,0.00217,0.13053,1.59312,0.00156,0.00046,1.45000,0.06032,
PFBMM,N_TatComW_F,headhook,eyeLA/eyeRA,-0.00229,0.06628,1.58256,-0.03244,0.02787,-0.00227,0.14453,1.58149,-0.00278,0.00191,1.44928,0.06032,
PFBNM,N_TatComW_F,headhook,eyeLA/eyeRA,-0.00011,0.08430,1.58256,-0.03027,0.03005,-0.00227,0.14453,1.58149,-0.00060,0.01993,1.44928,0.06032,
N_CommM,N_DustilH,headhook,eyeLA/eyeRA,-0.00007,0.08430,1.69515,-0.02700,0.02686,0.00029,0.02068,1.63392,0.00000,-0.00000,1.55000,0.05386,
N_SithComM,N_JorakH,headhook,eyeLA/eyeRA,-0.00072,0.08943,1.69166,-0.02915,0.02771,0.00029,0.02068,1.63392,0.00000,-0.00000,1.55000,0.05686,
N_SithComF,N_LashoweH,headhook,eyeLA/eyeRA,-0.00000,0.06963,1.59133,-0.03096,0.03096,0.00061,0.03902,1.54373,-0.00000,-0.00000,1.45000,0.06192,
N_SithComM,N_MekelH,headhook,eyeLA/eyeRA,-0.00047,0.09052,1.69527,-0.03012,0.02917,0.00029,0.02068,1.63392,0.00000,-0.00000,1.55000,0.05929,
N_CommF,N_ShaleenaH,headhook,eyeLA/eyeRA,-0.00000,0.06963,1.59133,-0.03096,0.03096,0.00061,0.00184,1.55492,-0.00000,-0.00000,1.45000,0.06192,
N_SithComM,N_ShaardanH,headhook,eyeL/eyeR,-0.00072,0.08943,1.69166,-0.02915,0.02771,0.00029,0.02068,1.63392,0.00000,-0.00000,1.55000,0.05686,
N_Smuggler,N_TatComA_M,headhook,eyeL/eyeR,-0.00072,0.08943,1.69166,-0.02915,0.02771,0.00029,0.02068,1.63392,0.00000,-0.00000,1.55000,0.05686,
P_BaoDurBB,P_BaoDurH,headhook,eyeLA/eyeRA,0.00008,0.06983,1.68971,-0.02992,0.03008,0.00029,0.02068,1.63392,0.00008,-0.01800,1.52500,0.06000,
BAODUR_BC,P_BaoDurH,headhook,eyeLA/eyeRA,0.00008,0.06983,1.68971,-0.02992,0.03008,0.00029,0.02068,1.63392,0.00008,-0.01800,1.52500,0.06000,
BAODUR_BD,P_BaoDurH,headhook,eyeLA/eyeRA,0.00008,0.06983,1.68971,-0.02992,0.03008,0.00029,0.02068,1.63392,0.00008,-0.01800,1.52500,0.06000,
BAODUR_BE,P_BaoDurH,headhook,eyeLA/eyeRA,0.00008,0.06983,1.68971,-0.02992,0.03008,0.00029,0.02068,1.63392,0.00008,-0.01800,1.52500,0.06000,
BAODUR_BF,P_BaoDurH,headhook,eyeLA/eyeRA,0.00008,0.06983,1.68971,-0.02992,0.03008,0.00029,0.02068,1.63392,0.00008,-0.01800,1.52500,0.06000,
P_AttonBB,P_AttonH,headhook,eyeLA/eyeRA,0.00048,0.06620,1.67894,-0.02929,0.03025,0.00029,0.02068,1.63392,0.00008,-0.01800,1.52500,0.05954,
PMBAM,P_AttonH,headhook,eyeLA/eyeRA,0.00041,0.06616,1.67890,-0.02936,0.03017,0.00029,0.02068,1.63392,0.00000,-0.01804,1.52496,0.05954,
PMBCM,P_AttonH,headhook,eyeLA/eyeRA,0.00041,0.06616,1.67890,-0.02936,0.03017,0.00029,0.02068,1.63392,0.00000,-0.01804,1.52496,0.05954,
PMBDM,P_AttonH,headhook,eyeLA/eyeRA,0.00041,0.06616,1.67890,-0.02936,0.03017,0.00029,0.02068,1.63392,0.00000,-0.01804,1.52496,0.05954,
PMBEM,P_AttonH,headhook,eyeLA/eyeRA,0.00041,0.06616,1.67890,-0.02936,0.03017,0.00029,0.02068,1.63392,0.00000,-0.01804,1.52496,0.05954,
PMBFM,P_AttonH,headhook,eyeLA/eyeRA,0.00041,0.06616,1.67903,-0.02936,0.03017,0.00029,0.02068,1.63392,0.00000,-0.01804,1.52509,0.05954,
PMBGM,P_AttonH,headhook,eyeLA/eyeRA,0.00041,0.06616,1.67890,-0.02936,0.03017,0.00029,0.02068,1.63392,0.00000,-0.01804,1.52496,0.05954,
PMBHM,P_AttonH,headhook,eyeLA/eyeRA,0.00048,0.06616,1.67890,-0.02929,0.03025,0.00029,0.02068,1.63392,0.00008,-0.01804,1.52496,0.05954,
PMBIM,P_AttonH,headhook,eyeLA/eyeRA,0.00041,0.06443,1.70335,-0.02936,0.03017,0.00029,0.09728,1.64929,0.00000,-0.01977,1.54940,0.05954,
PMBKM,P_AttonH,headhook,eyeLA/eyeRA,0.00041,0.08420,1.70394,-0.02936,0.03017,0.00029,0.15735,1.71264,0.00000,-0.00000,1.55000,0.05954,
PMBMM,P_AttonH,headhook,eyeLA/eyeRA,0.00041,0.06543,1.67754,-0.02936,0.03017,0.00029,0.09728,1.64929,0.00000,-0.01877,1.52359,0.05954,
PMBNM,P_AttonH,headhook,eyeLA/eyeRA,0.00041,0.07455,1.69894,-0.02936,0.03017,0.00029,0.09728,1.64929,0.00000,-0.00965,1.54500,0.05954,
P_MiraBB,P_MiraH,headhook,eyeLA/eyeRA,-0.00001,0.06047,1.59603,-0.03000,0.02997,0.00061,-0.02354,1.59312,-0.00000,-0.00000,1.45666,0.05997,
PFBAM,P_MiraH,headhook,eyeLA/eyeRA,-0.00009,0.06047,1.58862,-0.03008,0.02990,0.00059,-0.02273,1.53816,-0.00008,-0.00000,1.44925,0.05997,
PFBCM,P_MiraH,headhook,eyeLA/eyeRA,-0.00001,0.06047,1.58937,-0.03000,0.02997,0.00061,-0.02354,1.59312,-0.00000,-0.00000,1.45000,0.05997,
PFBDM,P_MiraH,headhook,eyeLA/eyeRA,-0.00001,0.06047,1.58937,-0.03000,0.02997,0.00061,-0.02354,1.59312,-0.00000,-0.00000,1.45000,0.05997,
PFBEM,P_MiraH,headhook,eyeLA/eyeRA,-0.00001,0.06047,1.58937,-0.03000,0.02997,0.00061,-0.02354,1.59312,-0.00000,-0.00000,1.45000,0.05997,
PFBFM,P_MiraH,headhook,eyeLA/eyeRA,-0.00001,0.06047,1.58937,-0.03000,0.02997,0.00061,-0.02354,1.59312,-0.00000,-0.00000,1.45000,0.05997,
PFBGM,P_MiraH,headhook,eyeLA/eyeRA,-0.00001,0.06047,1.58937,-0.03000,0.02997,0.00061,-0.02354,1.59312,-0.00000,-0.00000,1.45000,0.05997,
PFBHM,P_MiraH,headhook,eyeLA/eyeRA,-0.00001,0.06047,1.58937,-0.03000,0.02997,0.00061,-0.02354,1.59312,-0.00000,-0.00000,1.45000,0.05997,
PFBIM,P_MiraH,headhook,eyeLA/eyeRA,-0.00061,0.08040,1.58865,-0.03060,0.02937,-0.00227,0.14453,1.58149,-0.00060,0.01993,1.44928,0.05997,
PFBJM,P_MiraH,headhook,eyeLA/eyeRA,-0.00001,0.06047,1.58937,-0.03000,0.02997,0.00061,-0.02354,1.59312,-0.00000,-0.00000,1.45000,0.05997,
PFBKM,P_MiraH,headhook,eyeLA/eyeRA,0.00154,0.06092,1.58937,-0.02844,0.03153,0.00217,0.13053,1.59312,0.00156,0.00046,1.45000,0.05997,
PFBL,P_MiraH,headhook,eyeLA/eyeRA,-0.00124,0.06085,1.59392,-0.03123,0.02874,0.00024,0.07801,1.60037,-0.00123,0.00038,1.45455,0.05997,
PFBMM,P_MiraH,headhook,eyeLA/eyeRA,-0.00279,0.06238,1.58865,-0.03278,0.02719,-0.00227,0.14453,1.58149,-0.00278,0.00191,1.44928,0.05997,
PFBNM,P_MiraH,headhook,eyeLA/eyeRA,-0.00061,0.08040,1.58865,-0.03060,0.02937,-0.00227,0.14453,1.58149,-0.00060,0.01993,1.44928,0.05997,
P_VisasBB,P_VisasH,headhook,,,,,,,0.00061,-0.02354,1.59312,-0.00000,-0.00000,1.45000,,head has no eye nodes (masked face) -- use camerahook
PFBAM,P_VisasH,headhook,,,,,,,0.00059,-0.02273,1.53816,-0.00008,-0.00000,1.44925,,head has no eye nodes (masked face) -- use camerahook
PFBCM,P_VisasH,headhook,,,,,,,0.00061,-0.02354,1.59312,-0.00000,-0.00000,1.45000,,head has no eye nodes (masked face) -- use camerahook
PFBDM,P_VisasH,headhook,,,,,,,0.00061,-0.02354,1.59312,-0.00000,-0.00000,1.45000,,head has no eye nodes (masked face) -- use camerahook
PFBEM,P_VisasH,headhook,,,,,,,0.00061,-0.02354,1.59312,-0.00000,-0.00000,1.45000,,head has no eye nodes (masked face) -- use camerahook
PFBFM,P_VisasH,headhook,,,,,,,0.00061,-0.02354,1.59312,-0.00000,-0.00000,1.45000,,head has no eye nodes (masked face) -- use camerahook
PFBGM,P_VisasH,headhook,,,,,,,0.00061,-0.02354,1.59312,-0.00000,-0.00000,1.45000,,head has no eye nodes (masked face) -- use camerahook
PFBHM,P_VisasH,headhook,,,,,,,0.00061,-0.02354,1.59312,-0.00000,-0.00000,1.45000,,head has no eye nodes (masked face) -- use camerahook
PFBJM,P_VisasH,headhook,,,,,,,0.00061,-0.02354,1.59312,-0.00000,-0.00000,1.45000,,head has no eye nodes (masked face) -- use camerahook
PFBKM,P_VisasH,headhook,,,,,,,0.00217,0.13053,1.59312,0.00156,0.00046,1.45000,,head has no eye nodes (masked face) -- use camerahook
PFBMM,P_VisasH,headhook,,,,,,,-0.00227,0.14453,1.58149,-0.00278,0.00191,1.44928,,head has no eye nodes (masked face) -- use camerahook
N_SithAssn,N_SithAssnH,headhook,,,,,,,0.00029,0.02068,1.63392,0.00006,-0.00000,1.55000,,head has no eye nodes (masked face) -- use camerahook
N_OndSoldM1,N_ShaardanH,headhook,eyeL/eyeR,-0.00072,0.09950,1.67131,-0.02915,0.02771,0.00029,0.02067,1.62457,0.00000,0.01007,1.52965,0.05686,
N_OndSoldM1,PMHA01,headhook,eyeLA/eyeRA,-0.00072,0.08019,1.67184,-0.02915,0.02771,0.00029,0.02067,1.62457,0.00000,0.01007,1.52965,0.05686,
N_OndSoldM1,PMHA07,headhook,eyeLA/eyeRA,0.00000,0.10007,1.66965,-0.03000,0.03000,0.00029,0.02067,1.62457,0.00000,0.01007,1.52965,0.06000,
N_OndSoldM1,old_w_m,headhook,eyeLA/eyeRA,-0.00047,0.10035,1.67545,-0.03012,0.02917,0.00029,0.02067,1.62457,0.00000,0.01007,1.52965,0.05929,
N_OndSoldM1,old_b_m,headhook,eyeLA/eyeRA,0.00000,0.10007,1.66965,-0.03000,0.03000,0.00029,0.02067,1.62457,0.00000,0.01007,1.52965,0.06000,
N_OndSoldM1,N_TatComW_M,headhook,eyeLA/eyeRA,-0.00047,0.10059,1.67492,-0.03012,0.02917,0.00029,0.02067,1.62457,0.00000,0.01007,1.52965,0.05929,
N_OndComM1,PMHA05,headhook,eyeLA/eyeRA,-0.00012,0.08559,1.69383,-0.02928,0.02904,0.00029,0.02068,1.63392,0.00000,-0.00000,1.55000,0.05832,
N_OndComM1,PMHA06,headhook,eyeLA/eyeRA,0.00000,0.08554,1.68663,-0.03069,0.03069,0.00029,0.02068,1.63392,0.00000,-0.00000,1.55000,0.06137,
N_OndComM1,old_a_m,headhook,eyeLA/eyeRA,-0.00072,0.08943,1.69166,-0.02915,0.02771,0.00029,0.02068,1.63392,0.00000,-0.00000,1.55000,0.05686,
N_OndComM1,PMHB06,headhook,eyeL/eyeR,0.00055,0.08527,1.68874,-0.02864,0.02973,0.00029,0.02068,1.63392,0.00000,-0.00000,1.55000,0.05837,
N_OndComM1,PMHC06,headhook,eyeL/eyeR,-0.00000,0.07389,1.69523,-0.02633,0.02633,0.00029,0.02068,1.63392,0.00000,-0.00000,1.55000,0.05266,
N_OndComM1,PMHC04,headhook,eyeLA/eyeRA,0.00000,0.08839,1.69581,-0.02985,0.02985,0.00029,0.02068,1.63392,0.00000,-0.00000,1.55000,0.05970,
N_OndComM1,N_DeadeyeH,headhook,eyeLA/eyeRA,0.00000,0.08945,1.69579,-0.03119,0.03119,0.00029,0.02068,1.63392,0.00000,-0.00000,1.55000,0.06238,
N_RepSold,comm_a_m,headhook,eyeL/eyeR,-0.00072,0.08943,1.69166,-0.02915,0.02771,0.00029,0.02068,1.63392,0.00000,-0.00000,1.55000,0.05686,
N_RepSold,N_TSFOffH,headhook,eyeLA/eyeRA,-0.00047,0.08827,1.69527,-0.03012,0.02917,0.00029,0.02068,1.63392,0.00000,-0.00000,1.55000,0.05929,
N_RepSold,comm_a_f,headhook,eyeLA/eyeRA,0.00049,0.06437,1.68328,-0.02967,0.03065,0.00029,0.02068,1.63392,0.00000,-0.00000,1.55000,0.06032,
N_RepSold_F,comm_a_f,headhook,eyeLA/eyeRA,0.00049,0.06437,1.58328,-0.02967,0.03065,0.00061,-0.02354,1.59312,-0.00000,-0.00000,1.45000,0.06032,
N_RepSold,N_TSFOff_FH,headhook,eyeLA/eyeRA,0.00051,0.06121,1.68798,-0.02663,0.02764,0.00029,0.02068,1.63392,0.00000,-0.00000,1.55000,0.05428,
N_RepSold_F,N_TSFOff_FH,headhook,eyeLA/eyeRA,0.00050,0.06121,1.58799,-0.02663,0.02764,0.00061,-0.02354,1.59312,-0.00000,-0.00000,1.45000,0.05428,
N_RepOff,N_TSFCmdrH,headhook,eyeLA/eyeRA,0.00014,0.07435,1.69832,-0.02794,0.02823,0.00029,0.02068,1.63392,0.00000,-0.00000,1.55000,0.05618,
N_OndOffM1,PMHC05,headhook,eyeLA/eyeRA,-0.00000,0.08305,1.67435,-0.02633,0.02633,0.00029,0.02067,1.62457,0.00000,0.01007,1.52965,0.05266,
N_OndOffM1,old_a_m,headhook,eyeLA/eyeRA,-0.00072,0.09950,1.67131,-0.02915,0.02771,0.00029,0.02067,1.62457,0.00000,0.01007,1.52965,0.05686,
N_OndOffM1,PMHB10,headhook,eyeLA/eyeRA,0.00031,0.09719,1.67746,-0.02849,0.02912,0.00029,0.02067,1.62457,0.00000,0.01007,1.52965,0.05761,
N_OndOffM1,PMHC03,headhook,eyeLA/eyeRA,-0.00009,0.09467,1.67509,-0.03012,0.02994,0.00029,0.02067,1.62457,0.00000,0.01007,1.52965,0.06006,
N_OndOffM1,old_w_m,headhook,eyeLA/eyeRA,-0.00047,0.10035,1.67545,-0.03012,0.02917,0.00029,0.02067,1.62457,0.00000,0.01007,1.52965,0.05929,
N_TwilekF,N_Lala_XuH,headhook,eyeLA/eyeRA,0.00092,0.05980,1.59420,-0.02517,0.02702,0.00061,-0.02354,1.59312,0.00000,-0.00000,1.45000,0.05219,
JustBodyM,N_ShaardanH,headhook,,,,,,,,,,,,,,body model not found
N_OndComF1,PFHA01,headhook,eyeLA/eyeRA,0.00029,0.05950,1.59456,-0.02548,0.02606,0.00061,-0.02354,1.59312,-0.00000,-0.00000,1.45000,0.05155,
N_OndComF1,PFHA06,headhook,eyeLA/eyeRA,0.00073,0.06146,1.58992,-0.02964,0.03110,0.00061,-0.02354,1.59312,-0.00000,-0.00000,1.45000,0.06074,
N_OndComF1,PFHA03,headhook,eyeLA/eyeRA,-0.00014,0.05984,1.59483,-0.03197,0.03169,0.00061,-0.02354,1.59312,-0.00000,-0.00000,1.45000,0.06366,
N_OndComF1,PFHA04,headhook,eyeLA/eyeRA,-0.00000,0.06000,1.59000,-0.03000,0.03000,0.00061,-0.02354,1.59312,-0.00000,-0.00000,1.45000,0.06000,
N_OndComF1,PFHA05,headhook,eyeLA/eyeRA,0.00190,0.05792,1.58580,-0.02674,0.03053,0.00061,-0.02354,1.59312,-0.00000,-0.00000,1.45000,0.05727,
N_CommF,N_MedOff,headhook,eyeLA/eyeRA,0.00071,0.06306,1.59161,-0.02962,0.03104,0.00061,0.00184,1.55492,-0.00000,-0.00000,1.45000,0.06066,
PFBCM,N_MedOff,headhook,eyeLA/eyeRA,0.00071,0.06306,1.59161,-0.02962,0.03104,0.00061,-0.02354,1.59312,-0.00000,-0.00000,1.45000,0.06066,
PFBDM,N_MedOff,headhook,eyeLA/eyeRA,0.00071,0.06306,1.59161,-0.02962,0.03104,0.00061,-0.02354,1.59312,-0.00000,-0.00000,1.45000,0.06066,
PFBEM,N_MedOff,headhook,eyeLA/eyeRA,0.00071,0.06306,1.59161,-0.02962,0.03104,0.00061,-0.02354,1.59312,-0.00000,-0.00000,1.45000,0.06066,
PFBFM,N_MedOff,headhook,eyeLA/eyeRA,0.00071,0.06306,1.59161,-0.02962,0.03104,0.00061,-0.02354,1.59312,-0.00000,-0.00000,1.45000,0.06066,
PFBGM,N_MedOff,headhook,eyeLA/eyeRA,0.00071,0.06306,1.59161,-0.02962,0.03104,0.00061,-0.02354,1.59312,-0.00000,-0.00000,1.45000,0.06066,
PFBHM,N_MedOff,headhook,eyeLA/eyeRA,0.00071,0.06306,1.59161,-0.02962,0.03104,0.00061,-0.02354,1.59312,-0.00000,-0.00000,1.45000,0.06066,
PFBIM,N_MedOff,headhook,eyeLA/eyeRA,0.00011,0.08299,1.59089,-0.03022,0.03044,-0.00227,0.14453,1.58149,-0.00060,0.01993,1.44928,0.06066,
PFBKM,N_MedOff,headhook,eyeLA/eyeRA,0.00226,0.06352,1.59161,-0.02807,0.03260,0.00217,0.13053,1.59312,0.00156,0.00046,1.45000,0.06066,
PFBMM,N_MedOff,headhook,eyeLA/eyeRA,-0.00207,0.06497,1.59089,-0.03240,0.02826,-0.00227,0.14453,1.58149,-0.00278,0.00191,1.44928,0.06066,
PFBNM,N_MedOff,headhook,eyeLA/eyeRA,0.00011,0.08299,1.59089,-0.03022,0.03044,-0.00227,0.14453,1.58149,-0.00060,0.01993,1.44928,0.06066,
N_CommM,N_AdmOffH,headhook,eyeLA/eyeRA,-0.00002,0.08487,1.70051,-0.02834,0.02830,0.00029,0.02068,1.63392,0.00000,-0.00000,1.55000,0.05664,
PMBCM,N_AdmOffH,headhook,eyeLA/eyeRA,-0.00002,0.06683,1.67547,-0.02834,0.02830,0.00029,0.02068,1.63392,0.00000,-0.01804,1.52496,0.05664,
PMBDM,N_AdmOffH,headhook,eyeLA/eyeRA,-0.00002,0.06683,1.67547,-0.02834,0.02830,0.00029,0.02068,1.63392,0.00000,-0.01804,1.52496,0.05664,
PMBEM,N_AdmOffH,headhook,eyeLA/eyeRA,-0.00002,0.06683,1.67547,-0.02834,0.02830,0.00029,0.02068,1.63392,0.00000,-0.01804,1.52496,0.05664,
PMBFM,N_AdmOffH,headhook,eyeLA/eyeRA,-0.00002,0.06683,1.67560,-0.02834,0.02830,0.00029,0.02068,1.63392,0.00000,-0.01804,1.52509,0.05664,
PMBGM,N_AdmOffH,headhook,eyeLA/eyeRA,-0.00002,0.06683,1.67547,-0.02834,0.02830,0.00029,0.02068,1.63392,0.00000,-0.01804,1.52496,0.05664,
PMBHM,N_AdmOffH,headhook,eyeLA/eyeRA,0.00006,0.06683,1.67547,-0.02826,0.02838,0.00029,0.02068,1.63392,0.00008,-0.01804,1.52496,0.05664,
PMBIM,N_AdmOffH,headhook,eyeLA/eyeRA,-0.00002,0.06510,1.69992,-0.02834,0.02830,0.00029,0.09728,1.64929,0.00000,-0.01977,1.54940,0.05664,
PMBKM,N_AdmOffH,headhook,eyeLA/eyeRA,-0.00002,0.08487,1.70051,-0.02834,0.02830,0.00029,0.15735,1.71264,0.00000,-0.00000,1.55000,0.05664,
PMBMM,N_AdmOffH,headhook,eyeLA/eyeRA,-0.00002,0.06610,1.67411,-0.02834,0.02830,0.00029,0.09728,1.64929,0.00000,-0.01877,1.52359,0.05664,
PMBNM,N_AdmOffH,headhook,eyeLA/eyeRA,-0.00002,0.07522,1.69551,-0.02834,0.02830,0.00029,0.09728,1.64929,0.00000,-0.00965,1.54500,0.05664,
N_CommM,N_DockOf,headhook,eyeLA/eyeRA,-0.00000,0.07502,1.69566,-0.02633,0.02633,0.00029,0.02068,1.63392,0.00000,-0.00000,1.55000,0.05266,
PMBCM,N_DockOf,headhook,eyeLA/eyeRA,-0.00000,0.05698,1.67062,-0.02633,0.02633,0.00029,0.02068,1.63392,0.00000,-0.01804,1.52496,0.05266,
PMBDM,N_DockOf,headhook,eyeLA/eyeRA,-0.00000,0.05698,1.67062,-0.02633,0.02633,0.00029,0.02068,1.63392,0.00000,-0.01804,1.52496,0.05266,
PMBEM,N_DockOf,headhook,eyeLA/eyeRA,-0.00000,0.05698,1.67062,-0.02633,0.02633,0.00029,0.02068,1.63392,0.00000,-0.01804,1.52496,0.05266,
PMBFM,N_DockOf,headhook,eyeLA/eyeRA,-0.00000,0.05698,1.67075,-0.02633,0.02633,0.00029,0.02068,1.63392,0.00000,-0.01804,1.52509,0.05266,
PMBGM,N_DockOf,headhook,eyeLA/eyeRA,-0.00000,0.05698,1.67062,-0.02633,0.02633,0.00029,0.02068,1.63392,0.00000,-0.01804,1.52496,0.05266,
PMBHM,N_DockOf,headhook,eyeLA/eyeRA,0.00008,0.05698,1.67062,-0.02625,0.02641,0.00029,0.02068,1.63392,0.00008,-0.01804,1.52496,0.05266,
PMBIM,N_DockOf,headhook,eyeLA/eyeRA,-0.00000,0.05525,1.69506,-0.02633,0.02633,0.00029,0.09728,1.64929,0.00000,-0.01977,1.54940,0.05266,
PMBKM,N_DockOf,headhook,eyeLA/eyeRA,-0.00000,0.07502,1.69566,-0.02633,0.02633,0.00029,0.15735,1.71264,0.00000,-0.00000,1.55000,0.05266,
PMBMM,N_DockOf,headhook,eyeLA/eyeRA,-0.00000,0.05625,1.66925,-0.02633,0.02633,0.00029,0.09728,1.64929,0.00000,-0.01877,1.52359,0.05266,
PMBNM,N_DockOf,headhook,eyeLA/eyeRA,-0.00000,0.06537,1.69066,-0.02633,0.02633,0.00029,0.09728,1.64929,0.00000,-0.00965,1.54500,0.05266,
N_CommM,N_MainOf,headhook,eyeLA/eyeRA,-0.00034,0.08495,1.69543,-0.02941,0.02872,0.00029,0.02068,1.63392,0.00000,-0.00000,1.55000,0.05812,
PMBCM,N_MainOf,headhook,eyeLA/eyeRA,-0.00034,0.06691,1.67039,-0.02941,0.02872,0.00029,0.02068,1.63392,0.00000,-0.01804,1.52496,0.05812,
PMBDM,N_MainOf,headhook,eyeLA/eyeRA,-0.00034,0.06691,1.67039,-0.02941,0.02872,0.00029,0.02068,1.63392,0.00000,-0.01804,1.52496,0.05812,
PMBEM,N_MainOf,headhook,eyeLA/eyeRA,-0.00034,0.06691,1.67039,-0.02941,0.02872,0.00029,0.02068,1.63392,0.00000,-0.01804,1.52496,0.05812,
PMBFM,N_MainOf,headhook,eyeLA/eyeRA,-0.00034,0.06691,1.67052,-0.02941,0.02872,0.00029,0.02068,1.63392,0.00000,-0.01804,1.52509,0.05812,
PMBGM,N_MainOf,headhook,eyeLA/eyeRA,-0.00034,0.06691,1.67039,-0.02941,0.02872,0.00029,0.02068,1.63392,0.00000,-0.01804,1.52496,0.05812,
PMBHM,N_MainOf,headhook,eyeLA/eyeRA,-0.00027,0.06691,1.67039,-0.02933,0.02880,0.00029,0.02068,1.63392,0.00008,-0.01804,1.52496,0.05812,
PMBIM,N_MainOf,headhook,eyeLA/eyeRA,-0.00034,0.06518,1.69484,-0.02941,0.02872,0.00029,0.09728,1.64929,0.00000,-0.01977,1.54940,0.05812,
PMBKM,N_MainOf,headhook,eyeLA/eyeRA,-0.00034,0.08495,1.69543,-0.02941,0.02872,0.00029,0.15735,1.71264,0.00000,-0.00000,1.55000,0.05812,
PMBMM,N_MainOf,headhook,eyeLA/eyeRA,-0.00034,0.06618,1.66903,-0.02941,0.02872,0.00029,0.09728,1.64929,0.00000,-0.01877,1.52359,0.05812,
PMBNM,N_MainOf,headhook,eyeLA/eyeRA,-0.00034,0.07531,1.69043,-0.02941,0.02872,0.00029,0.09728,1.64929,0.00000,-0.00965,1.54500,0.05812,
N_CommM,N_ScrtyOffH,headhook,eyeLA/eyeRA,0.00014,0.07462,1.69779,-0.02667,0.02696,0.00029,0.02068,1.63392,0.00000,-0.00000,1.55000,0.05364,
PMBCM,N_ScrtyOffH,headhook,eyeLA/eyeRA,0.00014,0.05658,1.67275,-0.02667,0.02696,0.00029,0.02068,1.63392,0.00000,-0.01804,1.52496,0.05364,
PMBDM,N_ScrtyOffH,headhook,eyeLA/eyeRA,0.00014,0.05658,1.67275,-0.02667,0.02696,0.00029,0.02068,1.63392,0.00000,-0.01804,1.52496,0.05364,
PMBEM,N_ScrtyOffH,headhook,eyeLA/eyeRA,0.00014,0.05658,1.67275,-0.02667,0.02696,0.00029,0.02068,1.63392,0.00000,-0.01804,1.52496,0.05364,
PMBFM,N_ScrtyOffH,headhook,eyeLA/eyeRA,0.00014,0.05658,1.67288,-0.02667,0.02696,0.00029,0.02068,1.63392,0.00000,-0.01804,1.52509,0.05364,
PMBGM,N_ScrtyOffH,headhook,eyeLA/eyeRA,0.00014,0.05658,1.67275,-0.02667,0.02696,0.00029,0.02068,1.63392,0.00000,-0.01804,1.52496,0.05364,
PMBHM,N_ScrtyOffH,headhook,eyeLA/eyeRA,0.00022,0.05658,1.67275,-0.02660,0.02704,0.00029,0.02068,1.63392,0.00008,-0.01804,1.52496,0.05364,
PMBIM,N_ScrtyOffH,headhook,eyeLA/eyeRA,0.00014,0.05485,1.69719,-0.02667,0.02696,0.00029,0.09728,1.64929,0.00000,-0.01977,1.54940,0.05364,
PMBKM,N_ScrtyOffH,headhook,eyeLA/eyeRA,0.00014,0.07462,1.69779,-0.02667,0.02696,0.00029,0.15735,1.71264,0.00000,-0.00000,1.55000,0.05364,
PMBMM,N_ScrtyOffH,headhook,eyeLA/eyeRA,0.00014,0.05585,1.67138,-0.02667,0.02696,0.00029,0.09728,1.64929,0.00000,-0.01877,1.52359,0.05364,
PMBNM,N_ScrtyOffH,headhook,eyeLA/eyeRA,0.00014,0.06497,1.69279,-0.02667,0.02696,0.00029,0.09728,1.64929,0.00000,-0.00965,1.54500,0.05364,
N_DarkJLowF,comm_w_f,headhook,eyeLA/eyeRA,0.00055,0.05751,1.58702,-0.02544,0.02653,0.00061,-0.02354,1.59312,-0.00000,-0.00521,1.45000,0.05197,
N_DarkJLowF,comm_b_f,headhook,eyeLA/eyeRA,-0.00000,0.06443,1.59133,-0.03096,0.03096,0.00061,-0.02354,1.59312,-0.00000,-0.00521,1.45000,0.06192,
N_DarkJLowM,N_DarkJH01,headhook,,,,,,,0.00029,0.02067,1.62457,0.00000,-0.01782,1.52348,,head has no eye nodes (masked face) -- use camerahook
N_DarkJLowM,sith_app,headhook,eyeLA/eyeRA,0.00017,0.05920,1.67179,-0.02781,0.02815,0.00029,0.02067,1.62457,0.00000,-0.01782,1.52348,0.05597,
N_DarkJLowM,N_DkJH02,headhook,,,,,,,0.00029,0.02067,1.62457,0.00000,-0.01782,1.52348,,head has no eye nodes (masked face) -- use camerahook
N_DarkJMidF,comm_w_f,headhook,eyeLA/eyeRA,0.00055,0.06067,1.58702,-0.02544,0.02653,0.00061,-0.02354,1.59312,-0.00000,-0.00205,1.45000,0.05197,
N_DarkJMidF,comm_b_f,headhook,eyeLA/eyeRA,-0.00000,0.06758,1.59133,-0.03096,0.03096,0.00061,-0.02354,1.59312,-0.00000,-0.00205,1.45000,0.06192,
N_DarkJMidM,N_DarkJH01,headhook,,,,,,,0.00029,0.02067,1.62457,0.00000,-0.01782,1.52348,,head has no eye nodes (masked face) -- use camerahook
N_DarkJMidM,sith_app,headhook,eyeLA/eyeRA,0.00017,0.05920,1.67179,-0.02781,0.02815,0.00029,0.02067,1.62457,0.00000,-0.01782,1.52348,0.05597,
N_DarkJMidM,N_DkJH02,headhook,,,,,,,0.00029,0.02067,1.62457,0.00000,-0.01782,1.52348,,head has no eye nodes (masked face) -- use camerahook
PMBAM,PMHH01,headhook,eyeLA/eyeRA,0.00000,0.07128,1.66496,-0.03000,0.03000,0.00029,0.02068,1.63392,0.00000,-0.01804,1.52496,0.06000,
N_CommM,PMHH01,headhook,eyeLA/eyeRA,0.00000,0.08932,1.69000,-0.03000,0.03000,0.00029,0.02068,1.63392,0.00000,-0.00000,1.55000,0.06000,
PMBCM,PMHH01,headhook,eyeLA/eyeRA,0.00000,0.07128,1.66496,-0.03000,0.03000,0.00029,0.02068,1.63392,0.00000,-0.01804,1.52496,0.06000,
PMBDM,PMHH01,headhook,eyeLA/eyeRA,0.00000,0.07128,1.66496,-0.03000,0.03000,0.00029,0.02068,1.63392,0.00000,-0.01804,1.52496,0.06000,
PMBEM,PMHH01,headhook,eyeLA/eyeRA,0.00000,0.07128,1.66496,-0.03000,0.03000,0.00029,0.02068,1.63392,0.00000,-0.01804,1.52496,0.06000,
PMBFM,PMHH01,headhook,eyeLA/eyeRA,0.00000,0.07128,1.66509,-0.03000,0.03000,0.00029,0.02068,1.63392,0.00000,-0.01804,1.52509,0.06000,
PMBGM,PMHH01,headhook,eyeLA/eyeRA,0.00000,0.07128,1.66496,-0.03000,0.03000,0.00029,0.02068,1.63392,0.00000,-0.01804,1.52496,0.06000,
PMBHM,PMHH01,headhook,eyeLA/eyeRA,0.00008,0.07128,1.66496,-0.02992,0.03008,0.00029,0.02068,1.63392,0.00008,-0.01804,1.52496,0.06000,
PMBIM,PMHH01,headhook,eyeLA/eyeRA,0.00000,0.06955,1.68940,-0.03000,0.03000,0.00029,0.09728,1.64929,0.00000,-0.01977,1.54940,0.06000,
PMBJM,PMHH01,headhook,eyeLA/eyeRA,0.00000,0.07128,1.66496,-0.03000,0.03000,0.00028,0.02100,1.63400,0.00000,-0.01804,1.52496,0.06000,
PMBKM,PMHH01,headhook,eyeLA/eyeRA,0.00000,0.08932,1.69000,-0.03000,0.03000,0.00029,0.15735,1.71264,0.00000,-0.00000,1.55000,0.06000,
PMBMM,PMHH01,headhook,eyeLA/eyeRA,0.00000,0.07055,1.66359,-0.03000,0.03000,0.00029,0.09728,1.64929,0.00000,-0.01877,1.52359,0.06000,
PMBNM,PMHH01,headhook,eyeLA/eyeRA,0.00000,0.07967,1.68500,-0.03000,0.03000,0.00029,0.09728,1.64929,0.00000,-0.00965,1.54500,0.06000,
PFBAM,PFHC06,headhook,eyeLA/eyeRA,-0.00008,0.06000,1.58925,-0.03008,0.02992,0.00059,-0.02273,1.53816,-0.00008,-0.00000,1.44925,0.06000,
N_CommF,PFHC06,headhook,eyeLA/eyeRA,-0.00000,0.06000,1.59000,-0.03000,0.03000,0.00061,0.00184,1.55492,-0.00000,-0.00000,1.45000,0.06000,
PFBCM,PFHC06,headhook,eyeLA/eyeRA,-0.00000,0.06000,1.59000,-0.03000,0.03000,0.00061,-0.02354,1.59312,-0.00000,-0.00000,1.45000,0.06000,
PFBDM,PFHC06,headhook,eyeLA/eyeRA,-0.00000,0.06000,1.59000,-0.03000,0.03000,0.00061,-0.02354,1.59312,-0.00000,-0.00000,1.45000,0.06000,
PFBEM,PFHC06,headhook,eyeLA/eyeRA,-0.00000,0.06000,1.59000,-0.03000,0.03000,0.00061,-0.02354,1.59312,-0.00000,-0.00000,1.45000,0.06000,
PFBFM,PFHC06,headhook,eyeLA/eyeRA,-0.00000,0.06000,1.59000,-0.03000,0.03000,0.00061,-0.02354,1.59312,-0.00000,-0.00000,1.45000,0.06000,
PFBGM,PFHC06,headhook,eyeLA/eyeRA,-0.00000,0.06000,1.59000,-0.03000,0.03000,0.00061,-0.02354,1.59312,-0.00000,-0.00000,1.45000,0.06000,
PFBHM,PFHC06,headhook,eyeLA/eyeRA,-0.00000,0.06000,1.59000,-0.03000,0.03000,0.00061,-0.02354,1.59312,-0.00000,-0.00000,1.45000,0.06000,
PFBIM,PFHC06,headhook,eyeLA/eyeRA,-0.00060,0.07993,1.58928,-0.03060,0.02940,-0.00227,0.14453,1.58149,-0.00060,0.01993,1.44928,0.06000,
PFBJM,PFHC06,headhook,eyeLA/eyeRA,-0.00000,0.06000,1.59000,-0.03000,0.03000,0.00061,-0.02354,1.59312,-0.00000,-0.00000,1.45000,0.06000,
PFBKM,PFHC06,headhook,eyeLA/eyeRA,0.00156,0.06046,1.59000,-0.02844,0.03156,0.00217,0.13053,1.59312,0.00156,0.00046,1.45000,0.06000,
PFBL,PFHC06,headhook,eyeLA/eyeRA,-0.00123,0.06038,1.59455,-0.03123,0.02877,0.00024,0.07801,1.60037,-0.00123,0.00038,1.45455,0.06000,
PFBMM,PFHC06,headhook,eyeLA/eyeRA,-0.00278,0.06191,1.58928,-0.03278,0.02722,-0.00227,0.14453,1.58149,-0.00278,0.00191,1.44928,0.06000,
PFBNM,PFHC06,headhook,eyeLA/eyeRA,-0.00060,0.07993,1.58928,-0.03060,0.02940,-0.00227,0.14453,1.58149,-0.00060,0.01993,1.44928,0.06000,
N_CommF,N_JanaLorsoH,headhook,eyeLA/eyeRA,-0.00074,0.06157,1.58817,-0.03213,0.03065,0.00061,0.00184,1.55492,-0.00000,-0.00000,1.45000,0.06278,
N_CzerkaOff,N_CorrenFaltH,headhook,eyeLA/eyeRA,0.00000,0.08799,1.68880,-0.03000,0.03000,0.00029,0.02068,1.63392,0.00000,-0.00000,1.55000,0.06000,
P_DiscipleBB,P_DiscipleH,headhook,eyeLA/eyeRA,0.00048,0.08574,1.69421,-0.02984,0.03080,0.00029,0.02068,1.63392,0.00000,-0.00000,1.54993,0.06064,
PMBAM,P_DiscipleH,headhook,eyeLA/eyeRA,0.00048,0.06770,1.66924,-0.02984,0.03080,0.00029,0.02068,1.63392,0.00000,-0.01804,1.52496,0.06064,
PMBCM,P_DiscipleH,headhook,eyeLA/eyeRA,0.00048,0.06770,1.66924,-0.02984,0.03080,0.00029,0.02068,1.63392,0.00000,-0.01804,1.52496,0.06064,
PMBDM,P_DiscipleH,headhook,eyeLA/eyeRA,0.00048,0.06770,1.66924,-0.02984,0.03080,0.00029,0.02068,1.63392,0.00000,-0.01804,1.52496,0.06064,
PMBEM,P_DiscipleH,headhook,eyeLA/eyeRA,0.00048,0.06770,1.66924,-0.02984,0.03080,0.00029,0.02068,1.63392,0.00000,-0.01804,1.52496,0.06064,
PMBFM,P_DiscipleH,headhook,eyeLA/eyeRA,0.00048,0.06770,1.66937,-0.02984,0.03080,0.00029,0.02068,1.63392,0.00000,-0.01804,1.52509,0.06064,
PMBGM,P_DiscipleH,headhook,eyeLA/eyeRA,0.00048,0.06770,1.66924,-0.02984,0.03080,0.00029,0.02068,1.63392,0.00000,-0.01804,1.52496,0.06064,
PMBHM,P_DiscipleH,headhook,eyeLA/eyeRA,0.00056,0.06770,1.66924,-0.02976,0.03087,0.00029,0.02068,1.63392,0.00008,-0.01804,1.52496,0.06064,
PMBIM,P_DiscipleH,headhook,eyeLA/eyeRA,0.00048,0.06596,1.69368,-0.02984,0.03080,0.00029,0.09728,1.64929,0.00000,-0.01977,1.54940,0.06064,
PMBJM,P_DiscipleH,headhook,eyeLA/eyeRA,0.00048,0.06770,1.66924,-0.02984,0.03080,0.00028,0.02100,1.63400,0.00000,-0.01804,1.52496,0.06064,
PMBKM,P_DiscipleH,headhook,eyeLA/eyeRA,0.00048,0.08574,1.69428,-0.02984,0.03080,0.00029,0.15735,1.71264,0.00000,-0.00000,1.55000,0.06064,
PMBMM,P_DiscipleH,headhook,eyeLA/eyeRA,0.00048,0.06697,1.66787,-0.02984,0.03080,0.00029,0.09728,1.64929,0.00000,-0.01877,1.52359,0.06064,
PMBNM,P_DiscipleH,headhook,eyeLA/eyeRA,0.00048,0.07609,1.68928,-0.02984,0.03080,0.00029,0.09728,1.64929,0.00000,-0.00965,1.54500,0.06064,
N_DarkJHiM,N_DarkJH01,headhook,,,,,,,0.00029,0.09728,1.64929,0.00000,-0.01649,1.52361,,head has no eye nodes (masked face) -- use camerahook
N_DarkJHiM,sith_app,headhook,eyeLA/eyeRA,0.00017,0.06053,1.67192,-0.02781,0.02815,0.00029,0.09728,1.64929,0.00000,-0.01649,1.52361,0.05597,
N_DarkJHiM,N_DkJH02,headhook,,,,,,,0.00029,0.09728,1.64929,0.00000,-0.01649,1.52361,,head has no eye nodes (masked face) -- use camerahook
N_DarkJHiF,comm_w_f,headhook,eyeLA/eyeRA,-0.00225,0.06442,1.58490,-0.02824,0.02373,-0.00227,0.14453,1.58149,-0.00280,0.00170,1.44788,0.05197,
N_DarkJHiF,comm_b_f,headhook,eyeLA/eyeRA,-0.00280,0.07133,1.58921,-0.03377,0.02816,-0.00227,0.14453,1.58149,-0.00280,0.00170,1.44788,0.06192,
N_CommM,N_DevH,headhook,eyeLA/eyeRA,0.00003,0.09037,1.69970,-0.02997,0.03003,0.00029,0.02068,1.63392,0.00000,-0.00000,1.55000,0.06000,
PMBCM,N_DevH,headhook,eyeLA/eyeRA,0.00003,0.07233,1.67466,-0.02997,0.03003,0.00029,0.02068,1.63392,0.00000,-0.01804,1.52496,0.06000,
PMBDM,N_DevH,headhook,eyeLA/eyeRA,0.00003,0.07233,1.67466,-0.02997,0.03003,0.00029,0.02068,1.63392,0.00000,-0.01804,1.52496,0.06000,
PMBEM,N_DevH,headhook,eyeLA/eyeRA,0.00003,0.07233,1.67466,-0.02997,0.03003,0.00029,0.02068,1.63392,0.00000,-0.01804,1.52496,0.06000,
PMBFM,N_DevH,headhook,eyeLA/eyeRA,0.00003,0.07233,1.67479,-0.02997,0.03003,0.00029,0.02068,1.63392,0.00000,-0.01804,1.52509,0.06000,
PMBGM,N_DevH,headhook,eyeLA/eyeRA,0.00003,0.07233,1.67466,-0.02997,0.03003,0.00029,0.02068,1.63392,0.00000,-0.01804,1.52496,0.06000,
PMBHM,N_DevH,headhook,eyeLA/eyeRA,0.00011,0.07233,1.67466,-0.02989,0.03011,0.00029,0.02068,1.63392,0.00008,-0.01804,1.52496,0.06000,
PMBIM,N_DevH,headhook,eyeLA/eyeRA,0.00003,0.07060,1.69910,-0.02997,0.03003,0.00029,0.09728,1.64929,0.00000,-0.01977,1.54940,0.06000,
PMBKM,N_DevH,headhook,eyeLA/eyeRA,0.00003,0.09037,1.69970,-0.02997,0.03003,0.00029,0.15735,1.71264,0.00000,-0.00000,1.55000,0.06000,
PMBMM,N_DevH,headhook,eyeLA/eyeRA,0.00003,0.07160,1.67329,-0.02997,0.03003,0.00029,0.09728,1.64929,0.00000,-0.01877,1.52359,0.06000,
PMBNM,N_DevH,headhook,eyeLA/eyeRA,0.00003,0.08072,1.69470,-0.02997,0.03003,0.00029,0.09728,1.64929,0.00000,-0.00965,1.54500,0.06000,
PMBAM,PMHH02,headhook,eyeLA/eyeRA,0.00000,0.07058,1.66732,-0.02925,0.02925,0.00029,0.02068,1.63392,0.00000,-0.01804,1.52496,0.05851,
N_CommM,PMHH02,headhook,eyeLA/eyeRA,0.00000,0.08862,1.69236,-0.02925,0.02925,0.00029,0.02068,1.63392,0.00000,-0.00000,1.55000,0.05851,
PMBCM,PMHH02,headhook,eyeLA/eyeRA,0.00000,0.07058,1.66732,-0.02925,0.02925,0.00029,0.02068,1.63392,0.00000,-0.01804,1.52496,0.05851,
PMBDM,PMHH02,headhook,eyeLA/eyeRA,0.00000,0.07058,1.66732,-0.02925,0.02925,0.00029,0.02068,1.63392,0.00000,-0.01804,1.52496,0.05851,
PMBEM,PMHH02,headhook,eyeLA/eyeRA,0.00000,0.07058,1.66732,-0.02925,0.02925,0.00029,0.02068,1.63392,0.00000,-0.01804,1.52496,0.05851,
PMBFM,PMHH02,headhook,eyeLA/eyeRA,0.00000,0.07058,1.66746,-0.02925,0.02925,0.00029,0.02068,1.63392,0.00000,-0.01804,1.52509,0.05851,
PMBGM,PMHH02,headhook,eyeLA/eyeRA,0.00000,0.07058,1.66732,-0.02925,0.02925,0.00029,0.02068,1.63392,0.00000,-0.01804,1.52496,0.05851,
PMBHM,PMHH02,headhook,eyeLA/eyeRA,0.00008,0.07058,1.66732,-0.02918,0.02933,0.00029,0.02068,1.63392,0.00008,-0.01804,1.52496,0.05851,
PMBIM,PMHH02,headhook,eyeLA/eyeRA,0.00000,0.06885,1.69177,-0.02925,0.02925,0.00029,0.09728,1.64929,0.00000,-0.01977,1.54940,0.05851,
PMBJM,PMHH02,headhook,eyeLA/eyeRA,0.00000,0.07058,1.66732,-0.02925,0.02925,0.00028,0.02100,1.63400,0.00000,-0.01804,1.52496,0.05851,
PMBKM,PMHH02,headhook,eyeLA/eyeRA,0.00000,0.08862,1.69236,-0.02925,0.02925,0.00029,0.15735,1.71264,0.00000,-0.00000,1.55000,0.05851,
PMBMM,PMHH02,headhook,eyeLA/eyeRA,0.00000,0.06985,1.66596,-0.02925,0.02925,0.00029,0.09728,1.64929,0.00000,-0.01877,1.52359,0.05851,
PMBNM,PMHH02,headhook,eyeLA/eyeRA,0.00000,0.07897,1.68737,-0.02925,0.02925,0.00029,0.09728,1.64929,0.00000,-0.00965,1.54500,0.05851,
N_RepSold,N_RepSolBH,headhook,eyeLA/eyeRA,0.00029,0.08726,1.69780,-0.02853,0.02912,0.00029,0.02068,1.63392,0.00000,-0.00000,1.55000,0.05764,
N_RepOff,N_RepCapH,headhook,eyeLA/eyeRA,-0.00042,0.09200,1.69579,-0.03006,0.02923,0.00029,0.02068,1.63392,0.00000,-0.00000,1.55000,0.05929,
N_OndOffM1,N_ColTobinH,headhook,eyeLA/eyeRA,-0.00047,0.10201,1.67545,-0.03012,0.02917,0.00029,0.02067,1.62457,0.00000,0.01007,1.52965,0.05929,
PMBCM,N_ColTobinH,headhook,eyeLA/eyeRA,-0.00047,0.07389,1.67075,-0.03012,0.02917,0.00029,0.02068,1.63392,0.00000,-0.01804,1.52496,0.05929,
PMBDM,N_ColTobinH,headhook,eyeLA/eyeRA,-0.00047,0.07389,1.67075,-0.03012,0.02917,0.00029,0.02068,1.63392,0.00000,-0.01804,1.52496,0.05929,
PMBEM,N_ColTobinH,headhook,eyeLA/eyeRA,-0.00047,0.07389,1.67075,-0.03012,0.02917,0.00029,0.02068,1.63392,0.00000,-0.01804,1.52496,0.05929,
PMBFM,N_ColTobinH,headhook,eyeLA/eyeRA,-0.00047,0.07389,1.67089,-0.03012,0.02917,0.00029,0.02068,1.63392,0.00000,-0.01804,1.52509,0.05929,
PMBGM,N_ColTobinH,headhook,eyeLA/eyeRA,-0.00047,0.07389,1.67075,-0.03012,0.02917,0.00029,0.02068,1.63392,0.00000,-0.01804,1.52496,0.05929,
PMBHM,N_ColTobinH,headhook,eyeLA/eyeRA,-0.00039,0.07389,1.67075,-0.03004,0.02925,0.00029,0.02068,1.63392,0.00008,-0.01804,1.52496,0.05929,
PMBIM,N_ColTobinH,headhook,eyeLA/eyeRA,-0.00047,0.07216,1.69520,-0.03012,0.02917,0.00029,0.09728,1.64929,0.00000,-0.01977,1.54940,0.05929,
PMBKM,N_ColTobinH,headhook,eyeLA/eyeRA,-0.00047,0.09193,1.69579,-0.03012,0.02917,0.00029,0.15735,1.71264,0.00000,-0.00000,1.55000,0.05929,
PMBMM,N_ColTobinH,headhook,eyeLA/eyeRA,-0.00047,0.07316,1.66939,-0.03012,0.02917,0.00029,0.09728,1.64929,0.00000,-0.01877,1.52359,0.05929,
PMBNM,N_ColTobinH,headhook,eyeLA/eyeRA,-0.00047,0.08228,1.69080,-0.03012,0.02917,0.00029,0.09728,1.64929,0.00000,-0.00965,1.54500,0.05929,
N_CommM,N_Hussef,headhook,eyeLA/eyeRA,-0.00047,0.08995,1.69579,-0.03012,0.02917,0.00029,0.02068,1.63392,0.00000,-0.00000,1.55000,0.05929,
PMBCM,N_Hussef,headhook,eyeLA/eyeRA,-0.00047,0.07191,1.67075,-0.03012,0.02917,0.00029,0.02068,1.63392,0.00000,-0.01804,1.52496,0.05929,
PMBDM,N_Hussef,headhook,eyeLA/eyeRA,-0.00047,0.07191,1.67075,-0.03012,0.02917,0.00029,0.02068,1.63392,0.00000,-0.01804,1.52496,0.05929,
PMBEM,N_Hussef,headhook,eyeLA/eyeRA,-0.00047,0.07191,1.67075,-0.03012,0.02917,0.00029,0.02068,1.63392,0.00000,-0.01804,1.52496,0.05929,
PMBFM,N_Hussef,headhook,eyeLA/eyeRA,-0.00047,0.07191,1.67089,-0.03012,0.02917,0.00029,0.02068,1.63392,0.00000,-0.01804,1.52509,0.05929,
PMBGM,N_Hussef,headhook,eyeLA/eyeRA,-0.00047,0.07191,1.67075,-0.03012,0.02917,0.00029,0.02068,1.63392,0.00000,-0.01804,1.52496,0.05929,
PMBHM,N_Hussef,headhook,eyeLA/eyeRA,-0.00040,0.07191,1.67075,-0.03004,0.02925,0.00029,0.02068,1.63392,0.00008,-0.01804,1.52496,0.05929,
PMBIM,N_Hussef,headhook,eyeLA/eyeRA,-0.00047,0.07018,1.69520,-0.03012,0.02917,0.00029,0.09728,1.64929,0.00000,-0.01977,1.54940,0.05929,
PMBKM,N_Hussef,headhook,eyeLA/eyeRA,-0.00047,0.08995,1.69579,-0.03012,0.02917,0.00029,0.15735,1.71264,0.00000,-0.00000,1.55000,0.05929,
PMBMM,N_Hussef,headhook,eyeLA/eyeRA,-0.00047,0.07118,1.66939,-0.03012,0.02917,0.00029,0.09728,1.64929,0.00000,-0.01877,1.52359,0.05929,
PMBNM,N_Hussef,headhook,eyeLA/eyeRA,-0.00047,0.08030,1.69080,-0.03012,0.02917,0.00029,0.09728,1.64929,0.00000,-0.00965,1.54500,0.05929,
N_CommM,N_Azkulh,headhook,eyeLA/eyeRA,0.00000,0.08607,1.69219,-0.02915,0.02915,0.00029,0.02068,1.63392,0.00000,-0.00000,1.55000,0.05830,
PMBCM,N_Azkulh,headhook,eyeLA/eyeRA,0.00000,0.06803,1.66715,-0.02915,0.02915,0.00029,0.02068,1.63392,0.00000,-0.01804,1.52496,0.05830,
PMBDM,N_Azkulh,headhook,eyeLA/eyeRA,0.00000,0.06803,1.66715,-0.02915,0.02915,0.00029,0.02068,1.63392,0.00000,-0.01804,1.52496,0.05830,
PMBEM,N_Azkulh,headhook,eyeLA/eyeRA,0.00000,0.06803,1.66715,-0.02915,0.02915,0.00029,0.02068,1.63392,0.00000,-0.01804,1.52496,0.05830,
PMBFM,N_Azkulh,headhook,eyeLA/eyeRA,0.00000,0.06803,1.66728,-0.02915,0.02915,0.00029,0.02068,1.63392,0.00000,-0.01804,1.52509,0.05830,
PMBGM,N_Azkulh,headhook,eyeLA/eyeRA,0.00000,0.06803,1.66715,-0.02915,0.02915,0.00029,0.02068,1.63392,0.00000,-0.01804,1.52496,0.05830,
PMBHM,N_Azkulh,headhook,eyeLA/eyeRA,0.00008,0.06803,1.66715,-0.02907,0.02923,0.00029,0.02068,1.63392,0.00008,-0.01804,1.52496,0.05830,
PMBIM,N_Azkulh,headhook,eyeLA/eyeRA,0.00000,0.06630,1.69159,-0.02915,0.02915,0.00029,0.09728,1.64929,0.00000,-0.01977,1.54940,0.05830,
PMBJM,N_Azkulh,headhook,eyeLA/eyeRA,0.00000,0.06803,1.66715,-0.02915,0.02915,0.00028,0.02100,1.63400,0.00000,-0.01804,1.52496,0.05830,
PMBKM,N_Azkulh,headhook,eyeLA/eyeRA,0.00000,0.08607,1.69219,-0.02915,0.02915,0.00029,0.15735,1.71264,0.00000,-0.00000,1.55000,0.05830,
PMBMM,N_Azkulh,headhook,eyeLA/eyeRA,0.00000,0.06730,1.66578,-0.02915,0.02915,0.00029,0.09728,1.64929,0.00000,-0.01877,1.52359,0.05830,
PMBNM,N_Azkulh,headhook,eyeLA/eyeRA,0.00000,0.07643,1.68719,-0.02915,0.02915,0.00029,0.09728,1.64929,0.00000,-0.00965,1.54500,0.05830,
N_OndSoldM1,N_OndSoldierH,headhook,eyeLA/eyeRA,-0.00013,0.08672,1.67798,-0.02722,0.02696,0.00029,0.02067,1.62457,0.00000,0.01007,1.52965,0.05418,
N_CommM,N_DhagonGH,headhook,eyeLA/eyeRA,0.00000,0.07922,1.70000,-0.03000,0.03000,0.00029,0.02068,1.63392,0.00000,-0.00000,1.55000,0.06000,
PMBCM,N_DhagonGH,headhook,eyeLA/eyeRA,0.00000,0.06118,1.67496,-0.03000,0.03000,0.00029,0.02068,1.63392,0.00000,-0.01804,1.52496,0.06000,
PMBDM,N_DhagonGH,headhook,eyeLA/eyeRA,0.00000,0.06118,1.67496,-0.03000,0.03000,0.00029,0.02068,1.63392,0.00000,-0.01804,1.52496,0.06000,
PMBEM,N_DhagonGH,headhook,eyeLA/eyeRA,0.00000,0.06118,1.67496,-0.03000,0.03000,0.00029,0.02068,1.63392,0.00000,-0.01804,1.52496,0.06000,
PMBFM,N_DhagonGH,headhook,eyeLA/eyeRA,0.00000,0.06117,1.67509,-0.03000,0.03000,0.00029,0.02068,1.63392,0.00000,-0.01804,1.52509,0.06000,
PMBGM,N_DhagonGH,headhook,eyeLA/eyeRA,0.00000,0.06118,1.67496,-0.03000,0.03000,0.00029,0.02068,1.63392,0.00000,-0.01804,1.52496,0.06000,
PMBHM,N_DhagonGH,headhook,eyeLA/eyeRA,0.00008,0.06118,1.67496,-0.02992,0.03008,0.00029,0.02068,1.63392,0.00008,-0.01804,1.52496,0.06000,
PMBIM,N_DhagonGH,headhook,eyeLA/eyeRA,0.00000,0.05944,1.69940,-0.03000,0.03000,0.00029,0.09728,1.64929,0.00000,-0.01977,1.54940,0.06000,
PMBKM,N_DhagonGH,headhook,eyeLA/eyeRA,0.00000,0.07922,1.70000,-0.03000,0.03000,0.00029,0.15735,1.71264,0.00000,-0.00000,1.55000,0.06000,
PMBMM,N_DhagonGH,headhook,eyeLA/eyeRA,0.00000,0.06044,1.67359,-0.03000,0.03000,0.00029,0.09728,1.64929,0.00000,-0.01877,1.52359,0.06000,
PMBNM,N_DhagonGH,headhook,eyeLA/eyeRA,0.00000,0.06957,1.69500,-0.03000,0.03000,0.00029,0.09728,1.64929,0.00000,-0.00965,1.54500,0.06000,
N_RepOff,N_DolGrenH,headhook,eyeLA/eyeRA,-0.00047,0.09027,1.69579,-0.03012,0.02917,0.00029,0.02068,1.63392,0.00000,-0.00000,1.55000,0.05929,
N_OndOffM1,N_GenVakluH,headhook,eyeLA/eyeRA,-0.00007,0.09437,1.67480,-0.02700,0.02686,0.00029,0.02067,1.62457,0.00000,0.01007,1.52965,0.05386,
N_Smuggler,PMHB03,headhook,eyeLA/eyeRA,0.00039,0.08632,1.69823,-0.02922,0.03000,0.00029,0.02068,1.63392,0.00000,-0.00000,1.55000,0.05922,
N_CommM,N_BrnModulH,headhook,eyeLA/eyeRA,0.00009,0.07962,1.69837,-0.02882,0.02900,0.00029,0.02068,1.63392,0.00000,-0.00000,1.55000,0.05782,
PMBCM,N_BrnModulH,headhook,eyeLA/eyeRA,0.00009,0.06158,1.67333,-0.02882,0.02900,0.00029,0.02068,1.63392,0.00000,-0.01804,1.52496,0.05782,
PMBDM,N_BrnModulH,headhook,eyeLA/eyeRA,0.00009,0.06158,1.67333,-0.02882,0.02900,0.00029,0.02068,1.63392,0.00000,-0.01804,1.52496,0.05782,
PMBEM,N_BrnModulH,headhook,eyeLA/eyeRA,0.00009,0.06158,1.67333,-0.02882,0.02900,0.00029,0.02068,1.63392,0.00000,-0.01804,1.52496,0.05782,
PMBFM,N_BrnModulH,headhook,eyeLA/eyeRA,0.00009,0.06158,1.67346,-0.02882,0.02900,0.00029,0.02068,1.63392,0.00000,-0.01804,1.52509,0.05782,
PMBGM,N_BrnModulH,headhook,eyeLA/eyeRA,0.00009,0.06158,1.67333,-0.02882,0.02900,0.00029,0.02068,1.63392,0.00000,-0.01804,1.52496,0.05782,
PMBHM,N_BrnModulH,headhook,eyeLA/eyeRA,0.00017,0.06158,1.67333,-0.02874,0.02908,0.00029,0.02068,1.63392,0.00008,-0.01804,1.52496,0.05782,
PMBIM,N_BrnModulH,headhook,eyeLA/eyeRA,0.00009,0.05985,1.69777,-0.02882,0.02900,0.00029,0.09728,1.64929,0.00000,-0.01977,1.54940,0.05782,
PMBKM,N_BrnModulH,headhook,eyeLA/eyeRA,0.00009,0.07962,1.69837,-0.02882,0.02900,0.00029,0.15735,1.71264,0.00000,-0.00000,1.55000,0.05782,
PMBMM,N_BrnModulH,headhook,eyeLA/eyeRA,0.00009,0.06085,1.67197,-0.02882,0.02900,0.00029,0.09728,1.64929,0.00000,-0.01877,1.52359,0.05782,
PMBNM,N_BrnModulH,headhook,eyeLA/eyeRA,0.00009,0.06997,1.69337,-0.02882,0.02900,0.00029,0.09728,1.64929,0.00000,-0.00965,1.54500,0.05782,
N_CommM,N_CoortaH,headhook,eyeLA/eyeRA,0.00000,0.08606,1.68906,-0.02872,0.02872,0.00029,0.02068,1.63392,0.00000,-0.00000,1.55000,0.05743,
PMBCM,N_CoortaH,headhook,eyeLA/eyeRA,0.00000,0.06802,1.66402,-0.02872,0.02872,0.00029,0.02068,1.63392,0.00000,-0.01804,1.52496,0.05743,
PMBDM,N_CoortaH,headhook,eyeLA/eyeRA,0.00000,0.06802,1.66402,-0.02872,0.02872,0.00029,0.02068,1.63392,0.00000,-0.01804,1.52496,0.05743,
PMBEM,N_CoortaH,headhook,eyeLA/eyeRA,0.00000,0.06802,1.66402,-0.02872,0.02872,0.00029,0.02068,1.63392,0.00000,-0.01804,1.52496,0.05743,
PMBFM,N_CoortaH,headhook,eyeLA/eyeRA,0.00000,0.06802,1.66415,-0.02872,0.02872,0.00029,0.02068,1.63392,0.00000,-0.01804,1.52509,0.05743,
PMBGM,N_CoortaH,headhook,eyeLA/eyeRA,0.00000,0.06802,1.66402,-0.02872,0.02872,0.00029,0.02068,1.63392,0.00000,-0.01804,1.52496,0.05743,
PMBHM,N_CoortaH,headhook,eyeLA/eyeRA,0.00008,0.06802,1.66402,-0.02864,0.02880,0.00029,0.02068,1.63392,0.00008,-0.01804,1.52496,0.05743,
PMBIM,N_CoortaH,headhook,eyeLA/eyeRA,0.00000,0.06628,1.68846,-0.02872,0.02872,0.00029,0.09728,1.64929,0.00000,-0.01977,1.54940,0.05743,
PMBKM,N_CoortaH,headhook,eyeLA/eyeRA,0.00000,0.08606,1.68906,-0.02872,0.02872,0.00029,0.15735,1.71264,0.00000,-0.00000,1.55000,0.05743,
PMBMM,N_CoortaH,headhook,eyeLA/eyeRA,0.00000,0.06729,1.66266,-0.02872,0.02872,0.00029,0.09728,1.64929,0.00000,-0.01877,1.52359,0.05743,
PMBNM,N_CoortaH,headhook,eyeLA/eyeRA,0.00000,0.07641,1.68406,-0.02872,0.02872,0.00029,0.09728,1.64929,0.00000,-0.00965,1.54500,0.05743,
N_CommF,N_Daraalah,headhook,eyeLA/eyeRA,-0.00000,0.06198,1.58933,-0.02544,0.02543,0.00061,0.00184,1.55492,-0.00000,-0.00000,1.45000,0.05087,
PFBCM,N_Daraalah,headhook,eyeLA/eyeRA,-0.00000,0.06198,1.58933,-0.02544,0.02543,0.00061,-0.02354,1.59312,-0.00000,-0.00000,1.45000,0.05087,
PFBDM,N_Daraalah,headhook,eyeLA/eyeRA,-0.00000,0.06198,1.58933,-0.02544,0.02543,0.00061,-0.02354,1.59312,-0.00000,-0.00000,1.45000,0.05087,
PFBEM,N_Daraalah,headhook,eyeLA/eyeRA,-0.00000,0.06198,1.58933,-0.02544,0.02543,0.00061,-0.02354,1.59312,-0.00000,-0.00000,1.45000,0.05087,
PFBFM,N_Daraalah,headhook,eyeLA/eyeRA,-0.00000,0.06198,1.58933,-0.02544,0.02543,0.00061,-0.02354,1.59312,-0.00000,-0.00000,1.45000,0.05087,
PFBGM,N_Daraalah,headhook,eyeLA/eyeRA,-0.00000,0.06198,1.58933,-0.02544,0.02543,0.00061,-0.02354,1.59312,-0.00000,-0.00000,1.45000,0.05087,
PFBHM,N_Daraalah,headhook,eyeLA/eyeRA,-0.00000,0.06198,1.58933,-0.02544,0.02543,0.00061,-0.02354,1.59312,-0.00000,-0.00000,1.45000,0.05087,
PFBIM,N_Daraalah,headhook,eyeLA/eyeRA,-0.00060,0.08191,1.58861,-0.02604,0.02484,-0.00227,0.14453,1.58149,-0.00060,0.01993,1.44928,0.05087,
PFBKM,N_Daraalah,headhook,eyeLA/eyeRA,0.00155,0.06244,1.58933,-0.02388,0.02699,0.00217,0.13053,1.59312,0.00156,0.00046,1.45000,0.05087,
PFBMM,N_Daraalah,headhook,eyeLA/eyeRA,-0.00278,0.06390,1.58861,-0.02821,0.02266,-0.00227,0.14453,1.58149,-0.00278,0.00191,1.44928,0.05087,
PFBNM,N_Daraalah,headhook,eyeLA/eyeRA,-0.00060,0.08191,1.58861,-0.02604,0.02484,-0.00227,0.14453,1.58149,-0.00060,0.01993,1.44928,0.05087,
P_HandmaidenBA,P_HandmaidenH,headhook,eyeLA/eyeRA,-0.00255,0.06368,1.58394,-0.03029,0.02519,0.00024,0.07801,1.55619,-0.00151,-0.00000,1.44352,0.05549,
&454,P_HandmaidenH,headhook,,,,,,,,,,,,,,body model not found
PFBCM,P_HandmaidenH,headhook,eyeLA/eyeRA,-0.00104,0.06368,1.59042,-0.02879,0.02670,0.00061,-0.02354,1.59312,-0.00000,-0.00000,1.45000,0.05549,
PFBDM,P_HandmaidenH,headhook,eyeLA/eyeRA,-0.00104,0.06368,1.59042,-0.02879,0.02670,0.00061,-0.02354,1.59312,-0.00000,-0.00000,1.45000,0.05549,
PFBEM,P_HandmaidenH,headhook,eyeLA/eyeRA,-0.00104,0.06368,1.59042,-0.02879,0.02670,0.00061,-0.02354,1.59312,-0.00000,-0.00000,1.45000,0.05549,
PFBFM,P_HandmaidenH,headhook,eyeLA/eyeRA,-0.00104,0.06368,1.59042,-0.02879,0.02670,0.00061,-0.02354,1.59312,-0.00000,-0.00000,1.45000,0.05549,
PFBGM,P_HandmaidenH,headhook,eyeLA/eyeRA,-0.00104,0.06368,1.59042,-0.02879,0.02670,0.00061,-0.02354,1.59312,-0.00000,-0.00000,1.45000,0.05549,
PFBHM,P_HandmaidenH,headhook,eyeLA/eyeRA,-0.00104,0.06368,1.59042,-0.02879,0.02670,0.00061,-0.02354,1.59312,-0.00000,-0.00000,1.45000,0.05549,
PFBIM,P_HandmaidenH,headhook,eyeLA/eyeRA,-0.00164,0.08361,1.58970,-0.02939,0.02610,-0.00227,0.14453,1.58149,-0.00060,0.01993,1.44928,0.05549,
PFBJM,P_HandmaidenH,headhook,eyeLA/eyeRA,-0.00104,0.06368,1.59042,-0.02879,0.02670,0.00061,-0.02354,1.59312,-0.00000,-0.00000,1.45000,0.05549,
PFBKM,P_HandmaidenH,headhook,eyeLA/eyeRA,0.00051,0.06413,1.59042,-0.02723,0.02826,0.00217,0.13053,1.59312,0.00156,0.00046,1.45000,0.05549,
PFBL,P_HandmaidenH,headhook,eyeLA/eyeRA,-0.00227,0.06406,1.59497,-0.03002,0.02547,0.00024,0.07801,1.60037,-0.00123,0.00038,1.45455,0.05549,
PFBMM,P_HandmaidenH,headhook,eyeLA/eyeRA,-0.00382,0.06559,1.58970,-0.03156,0.02392,-0.00227,0.14453,1.58149,-0.00278,0.00191,1.44928,0.05549,
PFBNM,P_HandmaidenH,headhook,eyeLA/eyeRA,-0.00164,0.08361,1.58970,-0.02939,0.02610,-0.00227,0.14453,1.58149,-0.00060,0.01993,1.44928,0.05549,
P_CandBB,P_Candh03,headhook,,,,,,,,,,,,,,body model not found
P_MandaloreBD,P_Candh03,headhook,eyeLA/eyeRA,0.00039,0.08837,1.69111,-0.02726,0.02803,0.00029,0.02068,1.63392,0.00003,-0.00000,1.54000,0.05529,
N_CommM,N_ZezKaiEllH,headhook,eyeLA/eyeRA,0.00000,0.08886,1.69579,-0.03012,0.03012,0.00029,0.02068,1.63392,0.00000,-0.00000,1.55000,0.06024,
PMBCM,N_ZezKaiEllH,headhook,eyeLA/eyeRA,0.00000,0.07082,1.67075,-0.03012,0.03012,0.00029,0.02068,1.63392,0.00000,-0.01804,1.52496,0.06024,
PMBDM,N_ZezKaiEllH,headhook,eyeLA/eyeRA,0.00000,0.07082,1.67075,-0.03012,0.03012,0.00029,0.02068,1.63392,0.00000,-0.01804,1.52496,0.06024,
PMBEM,N_ZezKaiEllH,headhook,eyeLA/eyeRA,0.00000,0.07082,1.67075,-0.03012,0.03012,0.00029,0.02068,1.63392,0.00000,-0.01804,1.52496,0.06024,
PMBFM,N_ZezKaiEllH,headhook,eyeLA/eyeRA,0.00000,0.07082,1.67089,-0.03012,0.03012,0.00029,0.02068,1.63392,0.00000,-0.01804,1.52509,0.06024,
PMBGM,N_ZezKaiEllH,headhook,eyeLA/eyeRA,0.00000,0.07082,1.67075,-0.03012,0.03012,0.00029,0.02068,1.63392,0.00000,-0.01804,1.52496,0.06024,
PMBHM,N_ZezKaiEllH,headhook,eyeLA/eyeRA,0.00008,0.07082,1.67075,-0.03004,0.03020,0.00029,0.02068,1.63392,0.00008,-0.01804,1.52496,0.06024,
PMBIM,N_ZezKaiEllH,headhook,eyeLA/eyeRA,0.00000,0.06908,1.69520,-0.03012,0.03012,0.00029,0.09728,1.64929,0.00000,-0.01977,1.54940,0.06024,
PMBKM,N_ZezKaiEllH,headhook,eyeLA/eyeRA,0.00000,0.08886,1.69579,-0.03012,0.03012,0.00029,0.15735,1.71264,0.00000,-0.00000,1.55000,0.06024,
PMBMM,N_ZezKaiEllH,headhook,eyeLA/eyeRA,0.00000,0.07009,1.66939,-0.03012,0.03012,0.00029,0.09728,1.64929,0.00000,-0.01877,1.52359,0.06024,
PMBNM,N_ZezKaiEllH,headhook,eyeLA/eyeRA,0.00000,0.07921,1.69080,-0.03012,0.03012,0.00029,0.09728,1.64929,0.00000,-0.00965,1.54500,0.06024,
N_CommM,N_ZherronH,headhook,eyeLA/eyeRA,0.00056,0.09182,1.69710,-0.03024,0.03136,0.00029,0.02068,1.63392,0.00000,-0.00000,1.55000,0.06160,
PMBCM,N_ZherronH,headhook,eyeLA/eyeRA,0.00056,0.07378,1.67206,-0.03024,0.03136,0.00029,0.02068,1.63392,0.00000,-0.01804,1.52496,0.06160,
PMBDM,N_ZherronH,headhook,eyeLA/eyeRA,0.00056,0.07378,1.67206,-0.03024,0.03136,0.00029,0.02068,1.63392,0.00000,-0.01804,1.52496,0.06160,
PMBEM,N_ZherronH,headhook,eyeLA/eyeRA,0.00056,0.07378,1.67206,-0.03024,0.03136,0.00029,0.02068,1.63392,0.00000,-0.01804,1.52496,0.06160,
PMBFM,N_ZherronH,headhook,eyeLA/eyeRA,0.00056,0.07378,1.67219,-0.03024,0.03136,0.00029,0.02068,1.63392,0.00000,-0.01804,1.52509,0.06160,
PMBGM,N_ZherronH,headhook,eyeLA/eyeRA,0.00056,0.07378,1.67206,-0.03024,0.03136,0.00029,0.02068,1.63392,0.00000,-0.01804,1.52496,0.06160,
PMBHM,N_ZherronH,headhook,eyeLA/eyeRA,0.00064,0.07378,1.67206,-0.03016,0.03144,0.00029,0.02068,1.63392,0.00008,-0.01804,1.52496,0.06160,
PMBIM,N_ZherronH,headhook,eyeLA/eyeRA,0.00056,0.07205,1.69651,-0.03024,0.03136,0.00029,0.09728,1.64929,0.00000,-0.01977,1.54940,0.06160,
PMBKM,N_ZherronH,headhook,eyeLA/eyeRA,0.00056,0.09182,1.69710,-0.03024,0.03136,0.00029,0.15735,1.71264,0.00000,-0.00000,1.55000,0.06160,
PMBMM,N_ZherronH,headhook,eyeLA/eyeRA,0.00056,0.07305,1.67070,-0.03024,0.03136,0.00029,0.09728,1.64929,0.00000,-0.01877,1.52359,0.06160,
PMBNM,N_ZherronH,headhook,eyeLA/eyeRA,0.00056,0.08217,1.69210,-0.03024,0.03136,0.00029,0.09728,1.64929,0.00000,-0.00965,1.54500,0.06160,
N_CommF,N_Jedmast4H,headhook,eyeLA/eyeRA,0.00148,0.06097,1.59522,-0.02811,0.03106,0.00061,0.00184,1.55492,-0.00000,-0.00000,1.45000,0.05917,
PFBCM,N_Jedmast4H,headhook,eyeLA/eyeRA,0.00148,0.06097,1.59522,-0.02811,0.03106,0.00061,-0.02354,1.59312,-0.00000,-0.00000,1.45000,0.05917,
PFBDM,N_Jedmast4H,headhook,eyeLA/eyeRA,0.00148,0.06097,1.59522,-0.02811,0.03106,0.00061,-0.02354,1.59312,-0.00000,-0.00000,1.45000,0.05917,
PFBEM,N_Jedmast4H,headhook,eyeLA/eyeRA,0.00148,0.06097,1.59522,-0.02811,0.03106,0.00061,-0.02354,1.59312,-0.00000,-0.00000,1.45000,0.05917,
PFBFM,N_Jedmast4H,headhook,eyeLA/eyeRA,0.00148,0.06097,1.59522,-0.02811,0.03106,0.00061,-0.02354,1.59312,-0.00000,-0.00000,1.45000,0.05917,
PFBGM,N_Jedmast4H,headhook,eyeLA/eyeRA,0.00148,0.06097,1.59522,-0.02811,0.03106,0.00061,-0.02354,1.59312,-0.00000,-0.00000,1.45000,0.05917,
PFBHM,N_Jedmast4H,headhook,eyeLA/eyeRA,0.00148,0.06097,1.59522,-0.02811,0.03106,0.00061,-0.02354,1.59312,-0.00000,-0.00000,1.45000,0.05917,
PFBIM,N_Jedmast4H,headhook,eyeLA/eyeRA,0.00088,0.08090,1.59449,-0.02871,0.03046,-0.00227,0.14453,1.58149,-0.00060,0.01993,1.44928,0.05917,
PFBKM,N_Jedmast4H,headhook,eyeLA/eyeRA,0.00303,0.06143,1.59522,-0.02655,0.03262,0.00217,0.13053,1.59312,0.00156,0.00046,1.45000,0.05917,
PFBMM,N_Jedmast4H,headhook,eyeLA/eyeRA,-0.00130,0.06289,1.59449,-0.03089,0.02828,-0.00227,0.14453,1.58149,-0.00278,0.00191,1.44928,0.05917,
PFBNM,N_Jedmast4H,headhook,eyeLA/eyeRA,0.00088,0.08090,1.59449,-0.02871,0.03046,-0.00227,0.14453,1.58149,-0.00060,0.01993,1.44928,0.05917,
N_CommF,N_TerenaAdareH,headhook,eyeLA/eyeRA,0.00008,0.05805,1.59952,-0.02792,0.02807,0.00061,0.00184,1.55492,-0.00000,-0.00000,1.45000,0.05599,
PFBCM,N_TerenaAdareH,headhook,eyeLA/eyeRA,0.00008,0.05805,1.59952,-0.02792,0.02807,0.00061,-0.02354,1.59312,-0.00000,-0.00000,1.45000,0.05599,
PFBDM,N_TerenaAdareH,headhook,eyeLA/eyeRA,0.00008,0.05805,1.59952,-0.02792,0.02807,0.00061,-0.02354,1.59312,-0.00000,-0.00000,1.45000,0.05599,
PFBEM,N_TerenaAdareH,headhook,eyeLA/eyeRA,0.00008,0.05805,1.59952,-0.02792,0.02807,0.00061,-0.02354,1.59312,-0.00000,-0.00000,1.45000,0.05599,
PFBFM,N_TerenaAdareH,headhook,eyeLA/eyeRA,0.00008,0.05805,1.59952,-0.02792,0.02807,0.00061,-0.02354,1.59312,-0.00000,-0.00000,1.45000,0.05599,
PFBGM,N_TerenaAdareH,headhook,eyeLA/eyeRA,0.00008,0.05805,1.59952,-0.02792,0.02807,0.00061,-0.02354,1.59312,-0.00000,-0.00000,1.45000,0.05599,
PFBHM,N_TerenaAdareH,headhook,eyeLA/eyeRA,0.00008,0.05805,1.59952,-0.02792,0.02807,0.00061,-0.02354,1.59312,-0.00000,-0.00000,1.45000,0.05599,
PFBIM,N_TerenaAdareH,headhook,eyeLA/eyeRA,-0.00052,0.07798,1.59880,-0.02852,0.02747,-0.00227,0.14453,1.58149,-0.00060,0.01993,1.44928,0.05599,
PFBKM,N_TerenaAdareH,headhook,eyeLA/eyeRA,0.00163,0.05851,1.59952,-0.02636,0.02963,0.00217,0.13053,1.59312,0.00156,0.00046,1.45000,0.05599,
PFBMM,N_TerenaAdareH,headhook,eyeLA/eyeRA,-0.00270,0.05997,1.59880,-0.03070,0.02529,-0.00227,0.14453,1.58149,-0.00278,0.00191,1.44928,0.05599,
PFBNM,N_TerenaAdareH,headhook,eyeLA/eyeRA,-0.00052,0.07798,1.59880,-0.02852,0.02747,-0.00227,0.14453,1.58149,-0.00060,0.01993,1.44928,0.05599,
N_CommF,N_TaeplaeH,headhook,eyeLA/eyeRA,0.00095,0.06020,1.58686,-0.02837,0.03026,0.00061,0.00184,1.55492,-0.00000,-0.00000,1.45000,0.05863,
PFBCM,N_TaeplaeH,headhook,eyeLA/eyeRA,0.00095,0.06020,1.58686,-0.02837,0.03026,0.00061,-0.02354,1.59312,-0.00000,-0.00000,1.45000,0.05863,
PFBDM,N_TaeplaeH,headhook,eyeLA/eyeRA,0.00095,0.06020,1.58686,-0.02837,0.03026,0.00061,-0.02354,1.59312,-0.00000,-0.00000,1.45000,0.05863,
PFBEM,N_TaeplaeH,headhook,eyeLA/eyeRA,0.00095,0.06020,1.58686,-0.02837,0.03026,0.00061,-0.02354,1.59312,-0.00000,-0.00000,1.45000,0.05863,
PFBFM,N_TaeplaeH,headhook,eyeLA/eyeRA,0.00095,0.06020,1.58686,-0.02837,0.03026,0.00061,-0.02354,1.59312,-0.00000,-0.00000,1.45000,0.05863,
PFBGM,N_TaeplaeH,headhook,eyeLA/eyeRA,0.00095,0.06020,1.58686,-0.02837,0.03026,0.00061,-0.02354,1.59312,-0.00000,-0.00000,1.45000,0.05863,
PFBHM,N_TaeplaeH,headhook,eyeLA/eyeRA,0.00095,0.06020,1.58686,-0.02837,0.03026,0.00061,-0.02354,1.59312,-0.00000,-0.00000,1.45000,0.05863,
PFBIM,N_TaeplaeH,headhook,eyeLA/eyeRA,0.00035,0.08013,1.58614,-0.02897,0.02967,-0.00227,0.14453,1.58149,-0.00060,0.01993,1.44928,0.05863,
PFBKM,N_TaeplaeH,headhook,eyeLA/eyeRA,0.00250,0.06066,1.58686,-0.02681,0.03182,0.00217,0.13053,1.59312,0.00156,0.00046,1.45000,0.05863,
PFBMM,N_TaeplaeH,headhook,eyeLA/eyeRA,-0.00183,0.06211,1.58614,-0.03115,0.02749,-0.00227,0.14453,1.58149,-0.00278,0.00191,1.44928,0.05863,
PFBNM,N_TaeplaeH,headhook,eyeLA/eyeRA,0.00035,0.08013,1.58614,-0.02897,0.02967,-0.00227,0.14453,1.58149,-0.00060,0.01993,1.44928,0.05863,
N_DanSalvager,N_JorranH,headhook,eyeLA/eyeRA,0.00041,0.09193,1.69579,-0.02835,0.02917,0.00029,0.15735,1.71264,0.00000,-0.00000,1.55000,0.05752,
PMBCM,N_JorranH,headhook,eyeLA/eyeRA,0.00041,0.07389,1.67075,-0.02835,0.02917,0.00029,0.02068,1.63392,0.00000,-0.01804,1.52496,0.05752,
PMBDM,N_JorranH,headhook,eyeLA/eyeRA,0.00041,0.07389,1.67075,-0.02835,0.02917,0.00029,0.02068,1.63392,0.00000,-0.01804,1.52496,0.05752,
PMBEM,N_JorranH,headhook,eyeLA/eyeRA,0.00041,0.07389,1.67075,-0.02835,0.02917,0.00029,0.02068,1.63392,0.00000,-0.01804,1.52496,0.05752,
PMBFM,N_JorranH,headhook,eyeLA/eyeRA,0.00041,0.07389,1.67089,-0.02835,0.02917,0.00029,0.02068,1.63392,0.00000,-0.01804,1.52509,0.05752,
PMBGM,N_JorranH,headhook,eyeLA/eyeRA,0.00041,0.07389,1.67075,-0.02835,0.02917,0.00029,0.02068,1.63392,0.00000,-0.01804,1.52496,0.05752,
PMBHM,N_JorranH,headhook,eyeLA/eyeRA,0.00049,0.07389,1.67075,-0.02827,0.02925,0.00029,0.02068,1.63392,0.00008,-0.01804,1.52496,0.05752,
PMBIM,N_JorranH,headhook,eyeLA/eyeRA,0.00041,0.07216,1.69520,-0.02835,0.02917,0.00029,0.09728,1.64929,0.00000,-0.01977,1.54940,0.05752,
PMBKM,N_JorranH,headhook,eyeLA/eyeRA,0.00041,0.09193,1.69579,-0.02835,0.02917,0.00029,0.15735,1.71264,0.00000,-0.00000,1.55000,0.05752,
PMBMM,N_JorranH,headhook,eyeLA/eyeRA,0.00041,0.07316,1.66939,-0.02835,0.02917,0.00029,0.09728,1.64929,0.00000,-0.01877,1.52359,0.05752,
PMBNM,N_JorranH,headhook,eyeLA/eyeRA,0.00041,0.08228,1.69080,-0.02835,0.02917,0.00029,0.09728,1.64929,0.00000,-0.00965,1.54500,0.05752,
N_CommM,N_DopakH,headhook,eyeLA/eyeRA,0.00051,0.08272,1.69579,-0.02939,0.03041,0.00029,0.02068,1.63392,0.00000,-0.00000,1.55000,0.05981,
PMBCM,N_DopakH,headhook,eyeLA/eyeRA,0.00051,0.06468,1.67075,-0.02939,0.03041,0.00029,0.02068,1.63392,0.00000,-0.01804,1.52496,0.05981,
PMBDM,N_DopakH,headhook,eyeLA/eyeRA,0.00051,0.06468,1.67075,-0.02939,0.03041,0.00029,0.02068,1.63392,0.00000,-0.01804,1.52496,0.05981,
PMBEM,N_DopakH,headhook,eyeLA/eyeRA,0.00051,0.06468,1.67075,-0.02939,0.03041,0.00029,0.02068,1.63392,0.00000,-0.01804,1.52496,0.05981,
PMBFM,N_DopakH,headhook,eyeLA/eyeRA,0.00051,0.06468,1.67089,-0.02939,0.03041,0.00029,0.02068,1.63392,0.00000,-0.01804,1.52509,0.05981,
PMBGM,N_DopakH,headhook,eyeLA/eyeRA,0.00051,0.06468,1.67075,-0.02939,0.03041,0.00029,0.02068,1.63392,0.00000,-0.01804,1.52496,0.05981,
PMBHM,N_DopakH,headhook,eyeLA/eyeRA,0.00059,0.06468,1.67075,-0.02931,0.03049,0.00029,0.02068,1.63392,0.00008,-0.01804,1.52496,0.05981,
PMBIM,N_DopakH,headhook,eyeLA/eyeRA,0.00051,0.06294,1.69520,-0.02939,0.03041,0.00029,0.09728,1.64929,0.00000,-0.01977,1.54940,0.05981,
PMBKM,N_DopakH,headhook,eyeLA/eyeRA,0.00051,0.08272,1.69579,-0.02939,0.03041,0.00029,0.15735,1.71264,0.00000,-0.00000,1.55000,0.05981,
PMBMM,N_DopakH,headhook,eyeLA/eyeRA,0.00051,0.06395,1.66939,-0.02939,0.03041,0.00029,0.09728,1.64929,0.00000,-0.01877,1.52359,0.05981,
PMBNM,N_DopakH,headhook,eyeLA/eyeRA,0.00051,0.07307,1.69080,-0.02939,0.03041,0.00029,0.09728,1.64929,0.00000,-0.00965,1.54500,0.05981,
N_CommM,N_MastKavarH,headhook,eyeLA/eyeRA,0.00058,0.08611,1.70111,-0.02685,0.02801,0.00029,0.02068,1.63392,0.00000,-0.00000,1.55000,0.05486,
PMBCM,N_MastKavarH,headhook,eyeLA/eyeRA,0.00058,0.06807,1.67607,-0.02685,0.02801,0.00029,0.02068,1.63392,0.00000,-0.01804,1.52496,0.05486,
PMBDM,N_MastKavarH,headhook,eyeLA/eyeRA,0.00058,0.06807,1.67607,-0.02685,0.02801,0.00029,0.02068,1.63392,0.00000,-0.01804,1.52496,0.05486,
PMBEM,N_MastKavarH,headhook,eyeLA/eyeRA,0.00058,0.06807,1.67607,-0.02685,0.02801,0.00029,0.02068,1.63392,0.00000,-0.01804,1.52496,0.05486,
PMBFM,N_MastKavarH,headhook,eyeLA/eyeRA,0.00058,0.06807,1.67620,-0.02685,0.02801,0.00029,0.02068,1.63392,0.00000,-0.01804,1.52509,0.05486,
PMBGM,N_MastKavarH,headhook,eyeLA/eyeRA,0.00058,0.06807,1.67607,-0.02685,0.02801,0.00029,0.02068,1.63392,0.00000,-0.01804,1.52496,0.05486,
PMBHM,N_MastKavarH,headhook,eyeLA/eyeRA,0.00065,0.06807,1.67607,-0.02677,0.02808,0.00029,0.02068,1.63392,0.00008,-0.01804,1.52496,0.05486,
PMBIM,N_MastKavarH,headhook,eyeLA/eyeRA,0.00058,0.06633,1.70051,-0.02685,0.02801,0.00029,0.09728,1.64929,0.00000,-0.01977,1.54940,0.05486,
PMBKM,N_MastKavarH,headhook,eyeLA/eyeRA,0.00058,0.08611,1.70111,-0.02685,0.02801,0.00029,0.15735,1.71264,0.00000,-0.00000,1.55000,0.05486,
PMBMM,N_MastKavarH,headhook,eyeLA/eyeRA,0.00058,0.06734,1.67471,-0.02685,0.02801,0.00029,0.09728,1.64929,0.00000,-0.01877,1.52359,0.05486,
PMBNM,N_MastKavarH,headhook,eyeLA/eyeRA,0.00058,0.07646,1.69611,-0.02685,0.02801,0.00029,0.09728,1.64929,0.00000,-0.00965,1.54500,0.05486,
N_CommF,N_Jedmast2H,headhook,eyeLA/eyeRA,-0.00148,0.06284,1.59036,-0.02891,0.02594,0.00061,0.00184,1.55492,-0.00000,-0.00000,1.45000,0.05485,
PFBCM,N_Jedmast2H,headhook,eyeLA/eyeRA,-0.00148,0.06284,1.59036,-0.02891,0.02594,0.00061,-0.02354,1.59312,-0.00000,-0.00000,1.45000,0.05485,
PFBDM,N_Jedmast2H,headhook,eyeLA/eyeRA,-0.00148,0.06284,1.59036,-0.02891,0.02594,0.00061,-0.02354,1.59312,-0.00000,-0.00000,1.45000,0.05485,
PFBEM,N_Jedmast2H,headhook,eyeLA/eyeRA,-0.00148,0.06284,1.59036,-0.02891,0.02594,0.00061,-0.02354,1.59312,-0.00000,-0.00000,1.45000,0.05485,
PFBFM,N_Jedmast2H,headhook,eyeLA/eyeRA,-0.00148,0.06284,1.59036,-0.02891,0.02594,0.00061,-0.02354,1.59312,-0.00000,-0.00000,1.45000,0.05485,
PFBGM,N_Jedmast2H,headhook,eyeLA/eyeRA,-0.00148,0.06284,1.59036,-0.02891,0.02594,0.00061,-0.02354,1.59312,-0.00000,-0.00000,1.45000,0.05485,
PFBHM,N_Jedmast2H,headhook,eyeLA/eyeRA,-0.00148,0.06284,1.59036,-0.02891,0.02594,0.00061,-0.02354,1.59312,-0.00000,-0.00000,1.45000,0.05485,
PFBIM,N_Jedmast2H,headhook,eyeLA/eyeRA,-0.00208,0.08277,1.58964,-0.02951,0.02534,-0.00227,0.14453,1.58149,-0.00060,0.01993,1.44928,0.05485,
PFBKM,N_Jedmast2H,headhook,eyeLA/eyeRA,0.00007,0.06330,1.59036,-0.02735,0.02750,0.00217,0.13053,1.59312,0.00156,0.00046,1.45000,0.05485,
PFBMM,N_Jedmast2H,headhook,eyeLA/eyeRA,-0.00426,0.06475,1.58964,-0.03169,0.02316,-0.00227,0.14453,1.58149,-0.00278,0.00191,1.44928,0.05485,
PFBNM,N_Jedmast2H,headhook,eyeLA/eyeRA,-0.00208,0.08277,1.58964,-0.02951,0.02534,-0.00227,0.14453,1.58149,-0.00060,0.01993,1.44928,0.05485,
N_TwiAssasin,N_TwiAssH01,headhook,eyeLA/eyeRA,-0.00086,0.05715,1.58917,-0.02864,0.02691,0.00061,-0.02354,1.59312,0.00000,-0.00000,1.45000,0.05555,
N_TwilekF,N_TwiAssH01,headhook,eyeLA/eyeRA,-0.00086,0.05715,1.58917,-0.02864,0.02691,0.00061,-0.02354,1.59312,0.00000,-0.00000,1.45000,0.05555,
N_TwiAssasin,N_TwiAssH02,headhook,eyeLA/eyeRA,-0.00022,0.05693,1.58898,-0.03071,0.03027,0.00061,-0.02354,1.59312,0.00000,-0.00000,1.45000,0.06098,
N_DanSalvager,comm_w_m,headhook,eyeLA/eyeRA,-0.00047,0.09052,1.69527,-0.03012,0.02917,0.00029,0.15735,1.71264,0.00000,-0.00000,1.55000,0.05929,
N_CommM,N_DanSalvagerH,headhook,eyeLA/eyeRA,-0.00177,0.08900,1.69461,-0.02964,0.02610,0.00029,0.02068,1.63392,0.00000,-0.00000,1.55000,0.05574,
PMBCM,N_DanSalvagerH,headhook,eyeLA/eyeRA,-0.00177,0.07096,1.66957,-0.02964,0.02610,0.00029,0.02068,1.63392,0.00000,-0.01804,1.52496,0.05574,
PMBDM,N_DanSalvagerH,headhook,eyeLA/eyeRA,-0.00177,0.07096,1.66957,-0.02964,0.02610,0.00029,0.02068,1.63392,0.00000,-0.01804,1.52496,0.05574,
PMBEM,N_DanSalvagerH,headhook,eyeLA/eyeRA,-0.00177,0.07096,1.66957,-0.02964,0.02610,0.00029,0.02068,1.63392,0.00000,-0.01804,1.52496,0.05574,
PMBFM,N_DanSalvagerH,headhook,eyeLA/eyeRA,-0.00177,0.07096,1.66970,-0.02964,0.02610,0.00029,0.02068,1.63392,0.00000,-0.01804,1.52509,0.05574,
PMBGM,N_DanSalvagerH,headhook,eyeLA/eyeRA,-0.00177,0.07096,1.66957,-0.02964,0.02610,0.00029,0.02068,1.63392,0.00000,-0.01804,1.52496,0.05574,
PMBHM,N_DanSalvagerH,headhook,eyeLA/eyeRA,-0.00169,0.07096,1.66957,-0.02956,0.02618,0.00029,0.02068,1.63392,0.00008,-0.01804,1.52496,0.05574,
PMBIM,N_DanSalvagerH,headhook,eyeLA/eyeRA,-0.00177,0.06923,1.69401,-0.02964,0.02610,0.00029,0.09728,1.64929,0.00000,-0.01977,1.54940,0.05574,
PMBKM,N_DanSalvagerH,headhook,eyeLA/eyeRA,-0.00177,0.08900,1.69461,-0.02964,0.02610,0.00029,0.15735,1.71264,0.00000,-0.00000,1.55000,0.05574,
PMBMM,N_DanSalvagerH,headhook,eyeLA/eyeRA,-0.00177,0.07023,1.66820,-0.02964,0.02610,0.00029,0.09728,1.64929,0.00000,-0.01877,1.52359,0.05574,
PMBNM,N_DanSalvagerH,headhook,eyeLA/eyeRA,-0.00177,0.07935,1.68961,-0.02964,0.02610,0.00029,0.09728,1.64929,0.00000,-0.00965,1.54500,0.05574,
N_CommM,N_ContestWin,headhook,eyeLA/eyeRA,0.00000,0.08160,1.68927,-0.02722,0.02722,0.00029,0.02068,1.63392,0.00000,-0.00000,1.55000,0.05444,
PMBCM,N_ContestWin,headhook,eyeLA/eyeRA,0.00000,0.06356,1.66423,-0.02722,0.02722,0.00029,0.02068,1.63392,0.00000,-0.01804,1.52496,0.05444,
PMBDM,N_ContestWin,headhook,eyeLA/eyeRA,0.00000,0.06356,1.66423,-0.02722,0.02722,0.00029,0.02068,1.63392,0.00000,-0.01804,1.52496,0.05444,
PMBEM,N_ContestWin,headhook,eyeLA/eyeRA,0.00000,0.06356,1.66423,-0.02722,0.02722,0.00029,0.02068,1.63392,0.00000,-0.01804,1.52496,0.05444,
PMBFM,N_ContestWin,headhook,eyeLA/eyeRA,0.00000,0.06356,1.66437,-0.02722,0.02722,0.00029,0.02068,1.63392,0.00000,-0.01804,1.52509,0.05444,
PMBGM,N_ContestWin,headhook,eyeLA/eyeRA,0.00000,0.06356,1.66423,-0.02722,0.02722,0.00029,0.02068,1.63392,0.00000,-0.01804,1.52496,0.05444,
PMBHM,N_ContestWin,headhook,eyeLA/eyeRA,0.00008,0.06356,1.66423,-0.02714,0.02730,0.00029,0.02068,1.63392,0.00008,-0.01804,1.52496,0.05444,
PMBIM,N_ContestWin,headhook,eyeLA/eyeRA,0.00000,0.06183,1.68868,-0.02722,0.02722,0.00029,0.09728,1.64929,0.00000,-0.01977,1.54940,0.05444,
PMBKM,N_ContestWin,headhook,eyeLA/eyeRA,0.00000,0.08160,1.68927,-0.02722,0.02722,0.00029,0.15735,1.71264,0.00000,-0.00000,1.55000,0.05444,
PMBMM,N_ContestWin,headhook,eyeLA/eyeRA,0.00000,0.06283,1.66287,-0.02722,0.02722,0.00029,0.09728,1.64929,0.00000,-0.01877,1.52359,0.05444,
PMBNM,N_ContestWin,headhook,eyeLA/eyeRA,0.00000,0.07195,1.68428,-0.02722,0.02722,0.00029,0.09728,1.64929,0.00000,-0.00965,1.54500,0.05444,
N_MaleThug,N_DopakH,headhook,eyeLA/eyeRA,0.00051,0.08272,1.69579,-0.02939,0.03041,0.00029,0.01959,1.71271,0.00000,-0.00000,1.55000,0.05981,
N_CommM,N_HoloG0t0,headhook,eyeLA/eyeRA,-0.00126,0.09843,1.71001,-0.03470,0.03218,0.00029,0.02068,1.63392,0.00000,-0.00000,1.55000,0.06689,
PMBCM,N_HoloG0t0,headhook,eyeLA/eyeRA,-0.00126,0.08039,1.68497,-0.03470,0.03218,0.00029,0.02068,1.63392,0.00000,-0.01804,1.52496,0.06689,
PMBDM,N_HoloG0t0,headhook,eyeLA/eyeRA,-0.00126,0.08039,1.68497,-0.03470,0.03218,0.00029,0.02068,1.63392,0.00000,-0.01804,1.52496,0.06689,
PMBEM,N_HoloG0t0,headhook,eyeLA/eyeRA,-0.00126,0.08039,1.68497,-0.03470,0.03218,0.00029,0.02068,1.63392,0.00000,-0.01804,1.52496,0.06689,
PMBFM,N_HoloG0t0,headhook,eyeLA/eyeRA,-0.00126,0.08039,1.68510,-0.03470,0.03218,0.00029,0.02068,1.63392,0.00000,-0.01804,1.52509,0.06689,
PMBGM,N_HoloG0t0,headhook,eyeLA/eyeRA,-0.00126,0.08039,1.68497,-0.03470,0.03218,0.00029,0.02068,1.63392,0.00000,-0.01804,1.52496,0.06689,
PMBHM,N_HoloG0t0,headhook,eyeLA/eyeRA,-0.00118,0.08039,1.68497,-0.03463,0.03226,0.00029,0.02068,1.63392,0.00008,-0.01804,1.52496,0.06689,
PMBIM,N_HoloG0t0,headhook,eyeLA/eyeRA,-0.00126,0.07866,1.70942,-0.03470,0.03218,0.00029,0.09728,1.64929,0.00000,-0.01977,1.54940,0.06689,
PMBKM,N_HoloG0t0,headhook,eyeLA/eyeRA,-0.00126,0.09843,1.71001,-0.03470,0.03218,0.00029,0.15735,1.71264,0.00000,-0.00000,1.55000,0.06689,
PMBMM,N_HoloG0t0,headhook,eyeLA/eyeRA,-0.00126,0.07966,1.68361,-0.03470,0.03218,0.00029,0.09728,1.64929,0.00000,-0.01877,1.52359,0.06689,
PMBNM,N_HoloG0t0,headhook,eyeLA/eyeRA,-0.00126,0.08878,1.70501,-0.03470,0.03218,0.00029,0.09728,1.64929,0.00000,-0.00965,1.54500,0.06689,
PFBAM,PFHH01,headhook,eyeLA/eyeRA,-0.00008,0.05877,1.58761,-0.02717,0.02701,0.00059,-0.02273,1.53816,-0.00008,-0.00000,1.44925,0.05419,
N_CommF,PFHH01,headhook,eyeLA/eyeRA,-0.00000,0.05877,1.58836,-0.02709,0.02709,0.00061,0.00184,1.55492,-0.00000,-0.00000,1.45000,0.05419,
PFBCM,PFHH01,headhook,eyeLA/eyeRA,-0.00000,0.05877,1.58836,-0.02709,0.02709,0.00061,-0.02354,1.59312,-0.00000,-0.00000,1.45000,0.05419,
PFBDM,PFHH01,headhook,eyeLA/eyeRA,-0.00000,0.05877,1.58836,-0.02709,0.02709,0.00061,-0.02354,1.59312,-0.00000,-0.00000,1.45000,0.05419,
PFBEM,PFHH01,headhook,eyeLA/eyeRA,-0.00000,0.05877,1.58836,-0.02709,0.02709,0.00061,-0.02354,1.59312,-0.00000,-0.00000,1.45000,0.05419,
PFBFM,PFHH01,headhook,eyeLA/eyeRA,-0.00000,0.05877,1.58836,-0.02709,0.02709,0.00061,-0.02354,1.59312,-0.00000,-0.00000,1.45000,0.05419,
PFBGM,PFHH01,headhook,eyeLA/eyeRA,-0.00000,0.05877,1.58836,-0.02709,0.02709,0.00061,-0.02354,1.59312,-0.00000,-0.00000,1.45000,0.05419,
PFBHM,PFHH01,headhook,eyeLA/eyeRA,-0.00000,0.05877,1.58836,-0.02709,0.02709,0.00061,-0.02354,1.59312,-0.00000,-0.00000,1.45000,0.05419,
PFBIM,PFHH01,headhook,eyeLA/eyeRA,-0.00060,0.07870,1.58763,-0.02769,0.02649,-0.00227,0.14453,1.58149,-0.00060,0.01993,1.44928,0.05419,
PFBJM,PFHH01,headhook,eyeLA/eyeRA,-0.00000,0.05877,1.58836,-0.02709,0.02709,0.00061,-0.02354,1.59312,-0.00000,-0.00000,1.45000,0.05419,
PFBKM,PFHH01,headhook,eyeLA/eyeRA,0.00155,0.05923,1.58836,-0.02554,0.02865,0.00217,0.13053,1.59312,0.00156,0.00046,1.45000,0.05419,
PFBL,PFHH01,headhook,eyeLA/eyeRA,-0.00123,0.05915,1.59290,-0.02832,0.02586,0.00024,0.07801,1.60037,-0.00123,0.00038,1.45455,0.05419,
PFBMM,PFHH01,headhook,eyeLA/eyeRA,-0.00278,0.06068,1.58763,-0.02987,0.02431,-0.00227,0.14453,1.58149,-0.00278,0.00191,1.44928,0.05419,
PFBNM,PFHH01,headhook,eyeLA/eyeRA,-0.00060,0.07870,1.58763,-0.02769,0.02649,-0.00227,0.14453,1.58149,-0.00060,0.01993,1.44928,0.05419,
PFBAM,PFHH02,headhook,eyeLA/eyeRA,-0.00008,0.06243,1.59679,-0.02890,0.02874,0.00059,-0.02273,1.53816,-0.00008,-0.00000,1.44925,0.05764,
N_CommF,PFHH02,headhook,eyeLA/eyeRA,-0.00000,0.06243,1.59754,-0.02882,0.02882,0.00061,0.00184,1.55492,-0.00000,-0.00000,1.45000,0.05764,
PFBCM,PFHH02,headhook,eyeLA/eyeRA,-0.00000,0.06243,1.59754,-0.02882,0.02882,0.00061,-0.02354,1.59312,-0.00000,-0.00000,1.45000,0.05764,
PFBDM,PFHH02,headhook,eyeLA/eyeRA,-0.00000,0.06243,1.59754,-0.02882,0.02882,0.00061,-0.02354,1.59312,-0.00000,-0.00000,1.45000,0.05764,
PFBEM,PFHH02,headhook,eyeLA/eyeRA,-0.00000,0.06243,1.59754,-0.02882,0.02882,0.00061,-0.02354,1.59312,-0.00000,-0.00000,1.45000,0.05764,
PFBFM,PFHH02,headhook,eyeLA/eyeRA,-0.00000,0.06243,1.59754,-0.02882,0.02882,0.00061,-0.02354,1.59312,-0.00000,-0.00000,1.45000,0.05764,
PFBGM,PFHH02,headhook,eyeLA/eyeRA,-0.00000,0.06243,1.59754,-0.02882,0.02882,0.00061,-0.02354,1.59312,-0.00000,-0.00000,1.45000,0.05764,
PFBHM,PFHH02,headhook,eyeLA/eyeRA,-0.00000,0.06243,1.59754,-0.02882,0.02882,0.00061,-0.02354,1.59312,-0.00000,-0.00000,1.45000,0.05764,
PFBIM,PFHH02,headhook,eyeLA/eyeRA,-0.00060,0.08236,1.59681,-0.02942,0.02822,-0.00227,0.14453,1.58149,-0.00060,0.01993,1.44928,0.05764,
PFBJM,PFHH02,headhook,eyeLA/eyeRA,-0.00000,0.06243,1.59754,-0.02882,0.02882,0.00061,-0.02354,1.59312,-0.00000,-0.00000,1.45000,0.05764,
PFBKM,PFHH02,headhook,eyeLA/eyeRA,0.00156,0.06289,1.59754,-0.02726,0.03037,0.00217,0.13053,1.59312,0.00156,0.00046,1.45000,0.05764,
PFBL,PFHH02,headhook,eyeLA/eyeRA,-0.00123,0.06281,1.60208,-0.03005,0.02759,0.00024,0.07801,1.60037,-0.00123,0.00038,1.45455,0.05764,
PFBMM,PFHH02,headhook,eyeLA/eyeRA,-0.00278,0.06434,1.59681,-0.03160,0.02604,-0.00227,0.14453,1.58149,-0.00278,0.00191,1.44928,0.05764,
PFBNM,PFHH02,headhook,eyeLA/eyeRA,-0.00060,0.08236,1.59681,-0.02942,0.02822,-0.00227,0.14453,1.58149,-0.00060,0.01993,1.44928,0.05764,
N_CommM,N_VrookH,headhook,eyeLA/eyeRA,-0.00022,0.08872,1.69410,-0.03343,0.03300,0.00029,0.02068,1.63392,0.00000,-0.00000,1.55000,0.06643,
PMBCM,N_VrookH,headhook,eyeLA/eyeRA,-0.00022,0.07068,1.66906,-0.03343,0.03300,0.00029,0.02068,1.63392,0.00000,-0.01804,1.52496,0.06643,
PMBDM,N_VrookH,headhook,eyeLA/eyeRA,-0.00022,0.07068,1.66906,-0.03343,0.03300,0.00029,0.02068,1.63392,0.00000,-0.01804,1.52496,0.06643,
PMBEM,N_VrookH,headhook,eyeLA/eyeRA,-0.00022,0.07068,1.66906,-0.03343,0.03300,0.00029,0.02068,1.63392,0.00000,-0.01804,1.52496,0.06643,
PMBFM,N_VrookH,headhook,eyeLA/eyeRA,-0.00022,0.07067,1.66919,-0.03343,0.03300,0.00029,0.02068,1.63392,0.00000,-0.01804,1.52509,0.06643,
PMBGM,N_VrookH,headhook,eyeLA/eyeRA,-0.00022,0.07068,1.66906,-0.03343,0.03300,0.00029,0.02068,1.63392,0.00000,-0.01804,1.52496,0.06643,
PMBHM,N_VrookH,headhook,eyeLA/eyeRA,-0.00014,0.07068,1.66906,-0.03335,0.03308,0.00029,0.02068,1.63392,0.00008,-0.01804,1.52496,0.06643,
PMBIM,N_VrookH,headhook,eyeLA/eyeRA,-0.00022,0.06894,1.69350,-0.03343,0.03300,0.00029,0.09728,1.64929,0.00000,-0.01977,1.54940,0.06643,
PMBKM,N_VrookH,headhook,eyeLA/eyeRA,-0.00022,0.08872,1.69410,-0.03343,0.03300,0.00029,0.15735,1.71264,0.00000,-0.00000,1.55000,0.06643,
PMBMM,N_VrookH,headhook,eyeLA/eyeRA,-0.00022,0.06994,1.66769,-0.03343,0.03300,0.00029,0.09728,1.64929,0.00000,-0.01877,1.52359,0.06643,
PMBNM,N_VrookH,headhook,eyeLA/eyeRA,-0.00022,0.07907,1.68910,-0.03343,0.03300,0.00029,0.09728,1.64929,0.00000,-0.00965,1.54500,0.06643,
